Hostname: aks-ibnodepool-12699612-vmss000001
OS: Ubuntu 22.04.5 LTS \n \l
OS: PRETTY_NAME="Ubuntu 22.04.5 LTS"
NAME="Ubuntu"
VERSION_ID="22.04"
VERSION="22.04.5 LTS (Jammy Jellyfish)"
VERSION_CODENAME=jammy
ID=ubuntu
ID_LIKE=debian
HOME_URL="https://www.ubuntu.com/"
SUPPORT_URL="https://help.ubuntu.com/"
BUG_REPORT_URL="https://bugs.launchpad.net/ubuntu/"
PRIVACY_POLICY_URL="https://www.ubuntu.com/legal/terms-and-policies/privacy-policy"
UBUNTU_CODENAME=jammy
Current kernel: 5.15.0-1087-azure
Architecture: x86_64
GCC version: gcc (Ubuntu 12.3.0-1ubuntu1~22.04) 12.3.0
Copyright (C) 2022 Free Software Foundation, Inc.
This is free software; see the source for copying conditions.  There is NO
warranty; not even for MERCHANTABILITY or FITNESS FOR A PARTICULAR PURPOSE.
CPU: model name	: AMD EPYC 7V12 64-Core Processor
MemTotal:       1857800472 kB
Chipset: 


Device 0101:00:00.0 Info:
Firmware:
	Version:	..
	Date:	// ::

Device 0102:00:00.0 Info:
Firmware:
	Version:	..
	Date:	// ::

Device 0103:00:00.0 Info:
Firmware:
	Version:	..
	Date:	// ::

Device 0104:00:00.0 Info:
Firmware:
	Version:	..
	Date:	// ::

Device 0105:00:00.0 Info:
Firmware:
	Version:	..
	Date:	// ::

Device 0106:00:00.0 Info:
Firmware:
	Version:	..
	Date:	// ::

Device 0107:00:00.0 Info:
Firmware:
	Version:	..
	Date:	// ::

Device 0108:00:00.0 Info:
Firmware:
	Version:	..
	Date:	// ::

Device d09b:00:02.0 Info:
Firmware:
	Version:	..
	Date:	// ::


############# LSPCI ##############

############# LSPCI -N ##############

############# LSMOD ##############
Module                  Size  Used by
ib_ipoib              135168  0
ib_cm                 131072  1 ib_ipoib
ib_umad                40960  0
mlx5_core            2203648  0
mlxfw                  32768  1 mlx5_core
mlxdevm               176128  1 mlx5_core
ib_uverbs             163840  0
ib_core               417792  4 ib_ipoib,ib_umad,ib_uverbs,ib_cm
mlx_compat             69632  8 ib_ipoib,mlxdevm,mlxfw,ib_umad,ib_core,ib_uverbs,ib_cm,mlx5_core
veth                   32768  0
xt_statistic           16384  7
xt_nat                 16384  22
xt_mark                16384  4
xt_nfacct              16384  2
nfnetlink_acct         16384  3 xt_nfacct
xt_MASQUERADE          20480  3
nft_chain_nat          16384  6
nf_nat                 49152  3 xt_nat,nft_chain_nat,xt_MASQUERADE
xt_addrtype            16384  3
xt_comment             16384  132
br_netfilter           32768  0
bridge                311296  1 br_netfilter
stp                    16384  1 bridge
llc                    16384  2 bridge,stp
mptcp_diag             16384  0
xsk_diag               16384  0
tcp_diag               16384  0
udp_diag               16384  0
raw_diag               16384  0
inet_diag              24576  4 tcp_diag,mptcp_diag,raw_diag,udp_diag
unix_diag              16384  0
af_packet_diag         16384  0
netlink_diag           16384  0
nf_conntrack_netlink    49152  0
xt_tcpudp              20480  25
nft_counter            16384  149
xt_owner               16384  1
xt_conntrack           16384  20
nf_conntrack          172032  5 xt_conntrack,nf_nat,xt_nat,nf_conntrack_netlink,xt_MASQUERADE
nf_defrag_ipv6         24576  1 nf_conntrack
nf_defrag_ipv4         16384  1 nf_conntrack
nft_compat             20480  219
nf_tables             266240  461 nft_compat,nft_counter,nft_chain_nat
libcrc32c              16384  3 nf_conntrack,nf_nat,nf_tables
nfnetlink              20480  8 nft_compat,nfnetlink_acct,nf_conntrack_netlink,nf_tables
nvme_fabrics           24576  0
overlay               151552  28
psample                20480  1 mlx5_core
udf                   126976  0
crc_itu_t              16384  1 udf
sunrpc                585728  1
binfmt_misc            24576  1
nls_iso8859_1          16384  1
joydev                 32768  0
hid_generic            16384  0
mac_hid                16384  0
serio_raw              20480  0
crct10dif_pclmul       16384  1
crc32_pclmul           16384  0
hyperv_drm             20480  0
ghash_clmulni_intel    16384  0
sha256_ssse3           32768  0
drm_kms_helper        315392  1 hyperv_drm
sha1_ssse3             32768  0
cec                    65536  1 drm_kms_helper
aesni_intel           376832  0
rc_core                65536  1 cec
fb_sys_fops            16384  1 drm_kms_helper
crypto_simd            16384  1 aesni_intel
cryptd                 24576  2 crypto_simd,ghash_clmulni_intel
syscopyarea            16384  1 drm_kms_helper
sysfillrect            20480  1 drm_kms_helper
tls                   114688  1 mlx5_core
sysimgblt              16384  1 drm_kms_helper
hid_hyperv             16384  0
hyperv_keyboard        16384  0
hid                   139264  2 hid_hyperv,hid_generic
hyperv_fb              24576  1
hv_netvsc             106496  0
dm_multipath           40960  0
scsi_dh_rdac           20480  0
scsi_dh_emc            16384  0
scsi_dh_alua           20480  0
sch_fq_codel           20480  265
drm                   622592  2 drm_kms_helper,hyperv_drm
efi_pstore             16384  0
i2c_core               94208  2 drm_kms_helper,drm
ip_tables              32768  0
x_tables               53248  12 xt_conntrack,xt_statistic,nft_compat,xt_tcpudp,xt_addrtype,xt_nat,xt_comment,xt_owner,xt_nfacct,ip_tables,xt_MASQUERADE,xt_mark
autofs4                49152  2

############# DMESG ##############
[    0.000000] Linux version 5.15.0-1087-azure (buildd@lcy02-amd64-011) (gcc (Ubuntu 11.4.0-1ubuntu1~22.04) 11.4.0, GNU ld (GNU Binutils for Ubuntu) 2.38) #96-Ubuntu SMP Fri Mar 28 20:31:27 UTC 2025 (Ubuntu 5.15.0-1087.96-azure 5.15.178)
[    0.000000] Command line: BOOT_IMAGE=/boot/vmlinuz-5.15.0-1087-azure root=PARTUUID=576855f9-6ec4-43c3-a073-17116ff21b7b ro console=tty1 console=ttyS0 earlyprintk=ttyS0 nvme_core.io_timeout=240 panic=-1
[    0.000000] KERNEL supported cpus:
[    0.000000]   Intel GenuineIntel
[    0.000000]   AMD AuthenticAMD
[    0.000000]   Hygon HygonGenuine
[    0.000000]   Centaur CentaurHauls
[    0.000000]   zhaoxin   Shanghai  
[    0.000000] BIOS-provided physical RAM map:
[    0.000000] BIOS-e820: [mem 0x0000000000000000-0x000000000009ffff] usable
[    0.000000] BIOS-e820: [mem 0x00000000000c0000-0x00000000000fffff] reserved
[    0.000000] BIOS-e820: [mem 0x0000000000100000-0x000000003ff40fff] usable
[    0.000000] BIOS-e820: [mem 0x000000003ff41000-0x000000003ffc8fff] reserved
[    0.000000] BIOS-e820: [mem 0x000000003ffc9000-0x000000003fffafff] ACPI data
[    0.000000] BIOS-e820: [mem 0x000000003fffb000-0x000000003fffefff] ACPI NVS
[    0.000000] BIOS-e820: [mem 0x000000003ffff000-0x000000003fffffff] usable
[    0.000000] BIOS-e820: [mem 0x0000000100000000-0x000000fcffffffff] usable
[    0.000000] BIOS-e820: [mem 0x0000033000000000-0x000003f5bfffffff] usable
[    0.000000] printk: bootconsole [earlyser0] enabled
[    0.000000] NX (Execute Disable) protection: active
[    0.000000] efi: EFI v2.70 by Microsoft
[    0.000000] efi: ACPI=0x3fffa000 ACPI 2.0=0x3fffa014 SMBIOS=0x3ff85000 SMBIOS 3.0=0x3ff83000 MEMATTR=0x3ee7c018 MOKvar=0x3ff80000 RNG=0x3ffd0018 
[    0.000000] random: crng init done
[    0.000000] secureboot: Secure boot disabled
[    0.000000] SMBIOS 3.1.0 present.
[    0.000000] DMI: Microsoft Corporation Virtual Machine/Virtual Machine, BIOS Hyper-V UEFI Release v4.1 03/08/2024
[    0.000000] Hypervisor detected: Microsoft Hyper-V
[    0.000000] Hyper-V: privilege flags low 0xae7f, high 0x3b8030, hints 0x40c2c, misc 0x40bed7b6
[    0.000000] Hyper-V Host Build:20348-10.0-3-0.3077
[    0.000000] Hyper-V: Nested features: 0x0
[    0.000000] Hyper-V: LAPIC Timer Frequency: 0xc3500
[    0.000000] Hyper-V: Using hypercall for remote TLB flush
[    0.000000] clocksource: hyperv_clocksource_tsc_page: mask: 0xffffffffffffffff max_cycles: 0x24e6a1710, max_idle_ns: 440795202120 ns
[    0.000004] tsc: Detected 2445.436 MHz processor
[    0.002361] e820: update [mem 0x00000000-0x00000fff] usable ==> reserved
[    0.002365] e820: remove [mem 0x000a0000-0x000fffff] usable
[    0.002371] last_pfn = 0x3f5c0000 max_arch_pfn = 0x400000000
[    0.005297] x86/PAT: Configuration [0-7]: WB  WC  UC- UC  WB  WP  UC- WT  
[    0.008919] e820: update [mem 0x40000000-0xffffffff] usable ==> reserved
[    0.008922] e820: update [mem 0x10100000000-0x32fffffffff] usable ==> reserved
[    0.010523] last_pfn = 0x40000 max_arch_pfn = 0x400000000
[    0.018046] Using GB pages for direct mapping
[    0.020450] secureboot: Secure boot disabled
[    0.022643] ACPI: Early table checksum verification disabled
[    0.025673] ACPI: RSDP 0x000000003FFFA014 000024 (v02 VRTUAL)
[    0.028742] ACPI: XSDT 0x000000003FFF90E8 00006C (v01 VRTUAL MICROSFT 00000001 MSFT 00000001)
[    0.033267] ACPI: FACP 0x000000003FFF8000 000114 (v06 VRTUAL MICROSFT 00000001 MSFT 00000001)
[    0.037672] ACPI: DSDT 0x000000003FFD6000 01E184 (v02 MSFTVM DSDT01   00000001 MSFT 05000000)
[    0.042108] ACPI: FACS 0x000000003FFFE000 000040
[    0.044478] ACPI: OEM0 0x000000003FFF7000 000064 (v01 VRTUAL MICROSFT 00000001 MSFT 00000001)
[    0.048891] ACPI: SPCR 0x000000003FFF6000 000050 (v02 VRTUAL MICROSFT 00000001 MSFT 00000001)
[    0.053281] ACPI: WAET 0x000000003FFF5000 000028 (v01 VRTUAL MICROSFT 00000001 MSFT 00000001)
[    0.057746] ACPI: APIC 0x000000003FFD5000 000348 (v04 VRTUAL MICROSFT 00000001 MSFT 00000001)
[    0.062110] ACPI: SRAT 0x000000003FFD4000 000E00 (v02 VRTUAL MICROSFT 00000001 MSFT 00000001)
[    0.066431] ACPI: SLIT 0x000000003FFD3000 00003C (v01 VRTUAL MICROSFT 00000001 MSFT 00000001)
[    0.071108] ACPI: BGRT 0x000000003FFD2000 000038 (v01 VRTUAL MICROSFT 00000001 MSFT 00000001)
[    0.075438] ACPI: FPDT 0x000000003FFD1000 000034 (v01 VRTUAL MICROSFT 00000001 MSFT 00000001)
[    0.079835] ACPI: Reserving FACP table memory at [mem 0x3fff8000-0x3fff8113]
[    0.083422] ACPI: Reserving DSDT table memory at [mem 0x3ffd6000-0x3fff4183]
[    0.087023] ACPI: Reserving FACS table memory at [mem 0x3fffe000-0x3fffe03f]
[    0.090631] ACPI: Reserving OEM0 table memory at [mem 0x3fff7000-0x3fff7063]
[    0.094215] ACPI: Reserving SPCR table memory at [mem 0x3fff6000-0x3fff604f]
[    0.097815] ACPI: Reserving WAET table memory at [mem 0x3fff5000-0x3fff5027]
[    0.101511] ACPI: Reserving APIC table memory at [mem 0x3ffd5000-0x3ffd5347]
[    0.105152] ACPI: Reserving SRAT table memory at [mem 0x3ffd4000-0x3ffd4dff]
[    0.108792] ACPI: Reserving SLIT table memory at [mem 0x3ffd3000-0x3ffd303b]
[    0.112391] ACPI: Reserving BGRT table memory at [mem 0x3ffd2000-0x3ffd2037]
[    0.115991] ACPI: Reserving FPDT table memory at [mem 0x3ffd1000-0x3ffd1033]
[    0.119745] SRAT: PXM 0 -> APIC 0x00 -> Node 0
[    0.122017] SRAT: PXM 0 -> APIC 0x01 -> Node 0
[    0.124360] SRAT: PXM 0 -> APIC 0x02 -> Node 0
[    0.126693] SRAT: PXM 0 -> APIC 0x03 -> Node 0
[    0.129075] SRAT: PXM 0 -> APIC 0x04 -> Node 0
[    0.131413] SRAT: PXM 0 -> APIC 0x05 -> Node 0
[    0.133712] SRAT: PXM 0 -> APIC 0x06 -> Node 0
[    0.136026] SRAT: PXM 0 -> APIC 0x07 -> Node 0
[    0.138392] SRAT: PXM 0 -> APIC 0x08 -> Node 0
[    0.140690] SRAT: PXM 0 -> APIC 0x09 -> Node 0
[    0.143015] SRAT: PXM 0 -> APIC 0x0a -> Node 0
[    0.145280] SRAT: PXM 0 -> APIC 0x0b -> Node 0
[    0.147529] SRAT: PXM 0 -> APIC 0x0c -> Node 0
[    0.149976] SRAT: PXM 0 -> APIC 0x0d -> Node 0
[    0.152318] SRAT: PXM 0 -> APIC 0x0e -> Node 0
[    0.154561] SRAT: PXM 0 -> APIC 0x0f -> Node 0
[    0.156803] SRAT: PXM 0 -> APIC 0x10 -> Node 0
[    0.159076] SRAT: PXM 0 -> APIC 0x11 -> Node 0
[    0.161307] SRAT: PXM 0 -> APIC 0x12 -> Node 0
[    0.163523] SRAT: PXM 0 -> APIC 0x13 -> Node 0
[    0.165885] SRAT: PXM 0 -> APIC 0x14 -> Node 0
[    0.168157] SRAT: PXM 0 -> APIC 0x15 -> Node 0
[    0.170436] SRAT: PXM 0 -> APIC 0x16 -> Node 0
[    0.172681] SRAT: PXM 0 -> APIC 0x17 -> Node 0
[    0.174925] SRAT: PXM 1 -> APIC 0x18 -> Node 1
[    0.177155] SRAT: PXM 1 -> APIC 0x19 -> Node 1
[    0.179431] SRAT: PXM 1 -> APIC 0x1a -> Node 1
[    0.181684] SRAT: PXM 1 -> APIC 0x1b -> Node 1
[    0.183926] SRAT: PXM 1 -> APIC 0x1c -> Node 1
[    0.186153] SRAT: PXM 1 -> APIC 0x1d -> Node 1
[    0.188367] SRAT: PXM 1 -> APIC 0x1e -> Node 1
[    0.190665] SRAT: PXM 1 -> APIC 0x1f -> Node 1
[    0.192893] SRAT: PXM 1 -> APIC 0x20 -> Node 1
[    0.195118] SRAT: PXM 1 -> APIC 0x21 -> Node 1
[    0.197341] SRAT: PXM 1 -> APIC 0x22 -> Node 1
[    0.199654] SRAT: PXM 1 -> APIC 0x23 -> Node 1
[    0.201919] SRAT: PXM 1 -> APIC 0x24 -> Node 1
[    0.204212] SRAT: PXM 1 -> APIC 0x25 -> Node 1
[    0.206464] SRAT: PXM 1 -> APIC 0x26 -> Node 1
[    0.208715] SRAT: PXM 1 -> APIC 0x27 -> Node 1
[    0.210993] SRAT: PXM 1 -> APIC 0x28 -> Node 1
[    0.213230] SRAT: PXM 1 -> APIC 0x29 -> Node 1
[    0.215496] SRAT: PXM 1 -> APIC 0x2a -> Node 1
[    0.217735] SRAT: PXM 1 -> APIC 0x2b -> Node 1
[    0.220021] SRAT: PXM 1 -> APIC 0x2c -> Node 1
[    0.222264] SRAT: PXM 1 -> APIC 0x2d -> Node 1
[    0.224500] SRAT: PXM 1 -> APIC 0x2e -> Node 1
[    0.226740] SRAT: PXM 1 -> APIC 0x2f -> Node 1
[    0.229037] SRAT: PXM 2 -> APIC 0x40 -> Node 2
[    0.231364] SRAT: PXM 2 -> APIC 0x41 -> Node 2
[    0.233685] SRAT: PXM 2 -> APIC 0x42 -> Node 2
[    0.235936] SRAT: PXM 2 -> APIC 0x43 -> Node 2
[    0.238197] SRAT: PXM 2 -> APIC 0x44 -> Node 2
[    0.240504] SRAT: PXM 2 -> APIC 0x45 -> Node 2
[    0.242761] SRAT: PXM 2 -> APIC 0x46 -> Node 2
[    0.245014] SRAT: PXM 2 -> APIC 0x47 -> Node 2
[    0.247313] SRAT: PXM 2 -> APIC 0x48 -> Node 2
[    0.249712] SRAT: PXM 2 -> APIC 0x49 -> Node 2
[    0.251970] SRAT: PXM 2 -> APIC 0x4a -> Node 2
[    0.254257] SRAT: PXM 2 -> APIC 0x4b -> Node 2
[    0.256518] SRAT: PXM 2 -> APIC 0x4c -> Node 2
[    0.258780] SRAT: PXM 2 -> APIC 0x4d -> Node 2
[    0.261065] SRAT: PXM 2 -> APIC 0x4e -> Node 2
[    0.263332] SRAT: PXM 2 -> APIC 0x4f -> Node 2
[    0.265584] SRAT: PXM 2 -> APIC 0x50 -> Node 2
[    0.267828] SRAT: PXM 2 -> APIC 0x51 -> Node 2
[    0.270107] SRAT: PXM 2 -> APIC 0x52 -> Node 2
[    0.272465] SRAT: PXM 2 -> APIC 0x53 -> Node 2
[    0.274931] SRAT: PXM 2 -> APIC 0x54 -> Node 2
[    0.277354] SRAT: PXM 2 -> APIC 0x55 -> Node 2
[    0.279839] SRAT: PXM 2 -> APIC 0x56 -> Node 2
[    0.282281] SRAT: PXM 2 -> APIC 0x57 -> Node 2
[    0.284715] SRAT: PXM 3 -> APIC 0x58 -> Node 3
[    0.287127] SRAT: PXM 3 -> APIC 0x59 -> Node 3
[    0.289591] SRAT: PXM 3 -> APIC 0x5a -> Node 3
[    0.292036] SRAT: PXM 3 -> APIC 0x5b -> Node 3
[    0.294504] SRAT: PXM 3 -> APIC 0x5c -> Node 3
[    0.296927] SRAT: PXM 3 -> APIC 0x5d -> Node 3
[    0.299348] SRAT: PXM 3 -> APIC 0x5e -> Node 3
[    0.301825] SRAT: PXM 3 -> APIC 0x5f -> Node 3
[    0.304263] SRAT: PXM 3 -> APIC 0x60 -> Node 3
[    0.306686] SRAT: PXM 3 -> APIC 0x61 -> Node 3
[    0.309125] SRAT: PXM 3 -> APIC 0x62 -> Node 3
[    0.311603] SRAT: PXM 3 -> APIC 0x63 -> Node 3
[    0.314035] SRAT: PXM 3 -> APIC 0x64 -> Node 3
[    0.316473] SRAT: PXM 3 -> APIC 0x65 -> Node 3
[    0.318907] SRAT: PXM 3 -> APIC 0x66 -> Node 3
[    0.321363] SRAT: PXM 3 -> APIC 0x67 -> Node 3
[    0.323787] SRAT: PXM 3 -> APIC 0x68 -> Node 3
[    0.326259] SRAT: PXM 3 -> APIC 0x69 -> Node 3
[    0.328666] SRAT: PXM 3 -> APIC 0x6a -> Node 3
[    0.331135] SRAT: PXM 3 -> APIC 0x6b -> Node 3
[    0.333552] SRAT: PXM 3 -> APIC 0x6c -> Node 3
[    0.335959] SRAT: PXM 3 -> APIC 0x6d -> Node 3
[    0.338385] SRAT: PXM 3 -> APIC 0x6e -> Node 3
[    0.340813] SRAT: PXM 3 -> APIC 0x6f -> Node 3
[    0.343275] ACPI: SRAT: Node 0 PXM 0 [mem 0x00000000-0x3fffffff] hotplug
[    0.346944] ACPI: SRAT: Node 0 PXM 0 [mem 0x100000000-0x713fffffff] hotplug
[    0.350843] ACPI: SRAT: Node 1 PXM 1 [mem 0x7140000000-0xe1bfffffff] hotplug
[    0.354809] ACPI: SRAT: Node 2 PXM 2 [mem 0xe1c0000000-0xfcffffffff] hotplug
[    0.358793] ACPI: SRAT: Node 2 PXM 2 [mem 0x33000000000-0x3853fffffff] hotplug
[    0.362829] ACPI: SRAT: Node 3 PXM 3 [mem 0x38540000000-0x3f5bfffffff] hotplug
[    0.366829] ACPI: SRAT: Node 0 PXM 0 [mem 0x3f5c0000000-0x3f84fffffff] hotplug
[    0.370870] ACPI: SRAT: Node 0 PXM 0 [mem 0x40000000000-0x4ffffffffff] hotplug
[    0.374930] ACPI: SRAT: Node 0 PXM 0 [mem 0x80000000000-0x9ffffffffff] hotplug
[    0.378917] ACPI: SRAT: Node 0 PXM 0 [mem 0x100000000000-0x13ffffffffff] hotplug
[    0.383115] ACPI: SRAT: Node 0 PXM 0 [mem 0x200000000000-0x27ffffffffff] hotplug
[    0.387248] ACPI: SRAT: Node 0 PXM 0 [mem 0x400000000000-0x4fffffffffff] hotplug
[    0.391392] ACPI: SRAT: Node 0 PXM 0 [mem 0x800000000000-0x9fffffffffff] hotplug
[    0.395489] ACPI: SRAT: Node 0 PXM 0 [mem 0x1000000000000-0x13fffffffffff] hotplug
[    0.399683] ACPI: SRAT: Node 0 PXM 0 [mem 0x2000000000000-0x27fffffffffff] hotplug
[    0.404054] ACPI: SRAT: Node 0 PXM 0 [mem 0x4000000000000-0x4ffffffffffff] hotplug
[    0.408213] ACPI: SRAT: Node 0 PXM 0 [mem 0x8000000000000-0x9ffffffffffff] hotplug
[    0.412388] ACPI: SRAT: Node 1 PXM 1 [mem 0x3f850000000-0x3fadfffffff] hotplug
[    0.416353] ACPI: SRAT: Node 1 PXM 1 [mem 0x50000000000-0x5ffffffffff] hotplug
[    0.420345] ACPI: SRAT: Node 1 PXM 1 [mem 0xa0000000000-0xbffffffffff] hotplug
[    0.424352] ACPI: SRAT: Node 1 PXM 1 [mem 0x140000000000-0x17ffffffffff] hotplug
[    0.428430] ACPI: SRAT: Node 1 PXM 1 [mem 0x280000000000-0x2fffffffffff] hotplug
[    0.432526] ACPI: SRAT: Node 1 PXM 1 [mem 0x500000000000-0x5fffffffffff] hotplug
[    0.436593] ACPI: SRAT: Node 1 PXM 1 [mem 0xa00000000000-0xbfffffffffff] hotplug
[    0.440696] ACPI: SRAT: Node 1 PXM 1 [mem 0x1400000000000-0x17fffffffffff] hotplug
[    0.444833] ACPI: SRAT: Node 1 PXM 1 [mem 0x2800000000000-0x2ffffffffffff] hotplug
[    0.449046] ACPI: SRAT: Node 1 PXM 1 [mem 0x5000000000000-0x5ffffffffffff] hotplug
[    0.453251] ACPI: SRAT: Node 1 PXM 1 [mem 0xa000000000000-0xbffffffffffff] hotplug
[    0.457447] ACPI: SRAT: Node 2 PXM 2 [mem 0x3fae0000000-0x3fd6fffffff] hotplug
[    0.461454] ACPI: SRAT: Node 2 PXM 2 [mem 0x60000000000-0x6ffffffffff] hotplug
[    0.465417] ACPI: SRAT: Node 2 PXM 2 [mem 0xc0000000000-0xdffffffffff] hotplug
[    0.469343] ACPI: SRAT: Node 2 PXM 2 [mem 0x180000000000-0x1bffffffffff] hotplug
[    0.473410] ACPI: SRAT: Node 2 PXM 2 [mem 0x300000000000-0x37ffffffffff] hotplug
[    0.477457] ACPI: SRAT: Node 2 PXM 2 [mem 0x600000000000-0x6fffffffffff] hotplug
[    0.481555] ACPI: SRAT: Node 2 PXM 2 [mem 0xc00000000000-0xdfffffffffff] hotplug
[    0.485587] ACPI: SRAT: Node 2 PXM 2 [mem 0x1800000000000-0x1bfffffffffff] hotplug
[    0.489990] ACPI: SRAT: Node 2 PXM 2 [mem 0x3000000000000-0x37fffffffffff] hotplug
[    0.494183] ACPI: SRAT: Node 2 PXM 2 [mem 0x6000000000000-0x6ffffffffffff] hotplug
[    0.498352] ACPI: SRAT: Node 2 PXM 2 [mem 0xc000000000000-0xdffffffffffff] hotplug
[    0.502530] ACPI: SRAT: Node 3 PXM 3 [mem 0x3fd70000000-0x3ffffffffff] hotplug
[    0.506490] ACPI: SRAT: Node 3 PXM 3 [mem 0x70000000000-0x7ffffffffff] hotplug
[    0.510502] ACPI: SRAT: Node 3 PXM 3 [mem 0xe0000000000-0xfffffffffff] hotplug
[    0.514536] ACPI: SRAT: Node 3 PXM 3 [mem 0x1c0000000000-0x1fffffffffff] hotplug
[    0.518640] ACPI: SRAT: Node 3 PXM 3 [mem 0x380000000000-0x3fffffffffff] hotplug
[    0.522732] ACPI: SRAT: Node 3 PXM 3 [mem 0x700000000000-0x7fffffffffff] hotplug
[    0.526802] ACPI: SRAT: Node 3 PXM 3 [mem 0xe00000000000-0xffffffffffff] hotplug
[    0.530880] ACPI: SRAT: Node 3 PXM 3 [mem 0x1c00000000000-0x1ffffffffffff] hotplug
[    0.535107] ACPI: SRAT: Node 3 PXM 3 [mem 0x3800000000000-0x3ffffffffffff] hotplug
[    0.539283] ACPI: SRAT: Node 3 PXM 3 [mem 0x7000000000000-0x7ffffffffffff] hotplug
[    0.543443] ACPI: SRAT: Node 3 PXM 3 [mem 0xe000000000000-0xfffffffffffff] hotplug
[    0.547633] NUMA: Initialized distance table, cnt=4
[    0.547638] NUMA: Node 0 [mem 0x00000000-0x3fffffff] + [mem 0x100000000-0x713fffffff] -> [mem 0x00000000-0x713fffffff]
[    0.553640] NUMA: Node 2 [mem 0xe1c0000000-0xfcffffffff] + [mem 0x33000000000-0x3853fffffff] -> [mem 0xe1c0000000-0x3853fffffff]
[    0.559987] NODE_DATA(0) allocated [mem 0x713ffd6000-0x713fffffff]
[    0.563417] NODE_DATA(1) allocated [mem 0xe1bffd6000-0xe1bfffffff]
[    0.566857] NODE_DATA(2) allocated [mem 0x3853ffd6000-0x3853fffffff]
[    0.570380] NODE_DATA(3) allocated [mem 0x3f5bffd4000-0x3f5bfffdfff]
[    0.576435] Zone ranges:
[    0.577839]   DMA      [mem 0x0000000000001000-0x0000000000ffffff]
[    0.581252]   DMA32    [mem 0x0000000001000000-0x00000000ffffffff]
[    0.584698]   Normal   [mem 0x0000000100000000-0x000003f5bfffffff]
[    0.588118]   Device   empty
[    0.589702] Movable zone start for each node
[    0.592093] Early memory node ranges
[    0.594051]   node   0: [mem 0x0000000000001000-0x000000000009ffff]
[    0.597526]   node   0: [mem 0x0000000000100000-0x000000003ff40fff]
[    0.600990]   node   0: [mem 0x000000003ffff000-0x000000003fffffff]
[    0.604475]   node   0: [mem 0x0000000100000000-0x000000713fffffff]
[    0.607975]   node   1: [mem 0x0000007140000000-0x000000e1bfffffff]
[    0.611510]   node   2: [mem 0x000000e1c0000000-0x000000fcffffffff]
[    0.615061]   node   2: [mem 0x0000033000000000-0x000003853fffffff]
[    0.618567]   node   3: [mem 0x0000038540000000-0x000003f5bfffffff]
[    0.622116] Initmem setup node 0 [mem 0x0000000000001000-0x000000713fffffff]
[    0.626047] Initmem setup node 1 [mem 0x0000007140000000-0x000000e1bfffffff]
[    0.629976] Initmem setup node 2 [mem 0x000000e1c0000000-0x000003853fffffff]
[    0.633921] Initmem setup node 3 [mem 0x0000038540000000-0x000003f5bfffffff]
[    0.637838] On node 0, zone DMA: 1 pages in unavailable ranges
[    0.637866] On node 0, zone DMA: 96 pages in unavailable ranges
[    0.642730] On node 0, zone DMA32: 190 pages in unavailable ranges
[    4.253985] ACPI: PM-Timer IO Port: 0x408
[    4.259601] ACPI: LAPIC_NMI (acpi_id[0x01] dfl dfl lint[0x1])
[    4.262876] IOAPIC[0]: apic_id 96, version 17, address 0xfec00000, GSI 0-23
[    4.266486] ACPI: INT_SRC_OVR (bus 0 bus_irq 9 global_irq 9 high level)
[    4.269862] ACPI: Using ACPI (MADT) for SMP configuration information
[    4.273157] ACPI: SPCR: console: uart,io,0x3f8,115200
[    4.275737] smpboot: Allowing 96 CPUs, 0 hotplug CPUs
[    4.278352] PM: hibernation: Registered nosave memory: [mem 0x00000000-0x00000fff]
[    4.282209] PM: hibernation: Registered nosave memory: [mem 0x000a0000-0x000bffff]
[    4.286060] PM: hibernation: Registered nosave memory: [mem 0x000c0000-0x000fffff]
[    4.289976] PM: hibernation: Registered nosave memory: [mem 0x3ff41000-0x3ffc8fff]
[    4.293828] PM: hibernation: Registered nosave memory: [mem 0x3ffc9000-0x3fffafff]
[    4.297710] PM: hibernation: Registered nosave memory: [mem 0x3fffb000-0x3fffefff]
[    4.301610] PM: hibernation: Registered nosave memory: [mem 0x40000000-0xffffffff]
[    4.305560] PM: hibernation: Registered nosave memory: [mem 0xfd00000000-0x32fffffffff]
[    4.309691] [mem 0x40000000-0xffffffff] available for PCI devices
[    4.312787] Booting paravirtualized kernel on Hyper-V
[    4.315370] clocksource: refined-jiffies: mask: 0xffffffff max_cycles: 0xffffffff, max_idle_ns: 7645519600211568 ns
[    4.320854] setup_percpu: NR_CPUS:8192 nr_cpumask_bits:96 nr_cpu_ids:96 nr_node_ids:4
[    4.329785] percpu: Embedded 61 pages/cpu s212992 r8192 d28672 u262144
[    4.333134] pcpu-alloc: s212992 r8192 d28672 u262144 alloc=1*2097152
[    4.333138] pcpu-alloc: [0] 00 01 02 03 04 05 06 07 [0] 08 09 10 11 12 13 14 15 
[    4.333149] pcpu-alloc: [0] 16 17 18 19 20 21 22 23 [1] 24 25 26 27 28 29 30 31 
[    4.333160] pcpu-alloc: [1] 32 33 34 35 36 37 38 39 [1] 40 41 42 43 44 45 46 47 
[    4.333171] pcpu-alloc: [2] 48 49 50 51 52 53 54 55 [2] 56 57 58 59 60 61 62 63 
[    4.333181] pcpu-alloc: [2] 64 65 66 67 68 69 70 71 [3] 72 73 74 75 76 77 78 79 
[    4.333192] pcpu-alloc: [3] 80 81 82 83 84 85 86 87 [3] 88 89 90 91 92 93 94 95 
[    4.333243] Hyper-V: PV spinlocks enabled
[    4.335279] PV qspinlock hash table entries: 256 (order: 0, 4096 bytes, linear)
[    4.339071] Built 4 zonelists, mobility grouping on.  Total pages: 464484633
[    4.342628] Policy zone: Normal
[    4.344204] Kernel command line: BOOT_IMAGE=/boot/vmlinuz-5.15.0-1087-azure root=PARTUUID=576855f9-6ec4-43c3-a073-17116ff21b7b ro console=tty1 console=ttyS0 earlyprintk=ttyS0 nvme_core.io_timeout=240 panic=-1
[    4.353718] Unknown kernel command line parameters "BOOT_IMAGE=/boot/vmlinuz-5.15.0-1087-azure", will be passed to user space.
[    4.359571] printk: log_buf_len individual max cpu contribution: 4096 bytes
[    4.363088] printk: log_buf_len total cpu_extra contributions: 389120 bytes
[    4.366601] printk: log_buf_len min size: 262144 bytes
[    4.369999] printk: log_buf_len: 1048576 bytes
[    4.372259] printk: early log buf free: 244048(93%)
[    4.375879] mem auto-init: stack:off, heap alloc:on, heap free:off
[    7.681106] Memory: 1857778044K/1887435652K available (16392K kernel code, 4308K rwdata, 10532K rodata, 3100K init, 17008K bss, 29657348K reserved, 0K cma-reserved)
[    7.689530] SLUB: HWalign=64, Order=0-3, MinObjects=0, CPUs=96, Nodes=4
[    7.694595] ftrace: allocating 49034 entries in 192 pages
[    7.721776] ftrace: allocated 192 pages with 2 groups
[    7.724933] rcu: Hierarchical RCU implementation.
[    7.727350] rcu: 	RCU restricting CPUs from NR_CPUS=8192 to nr_cpu_ids=96.
[    7.730977] 	Rude variant of Tasks RCU enabled.
[    7.733300] 	Tracing variant of Tasks RCU enabled.
[    7.735762] rcu: RCU calculated value of scheduler-enlistment delay is 25 jiffies.
[    7.739675] rcu: Adjusting geometry for rcu_fanout_leaf=16, nr_cpu_ids=96
[    7.747984] Using NULL legacy PIC
[    7.749719] NR_IRQS: 524544, nr_irqs: 1192, preallocated irqs: 0
[    7.753377] Console: colour dummy device 80x25
[    7.756031] printk: console [tty1] enabled
[    7.758299] printk: console [ttyS0] enabled
[    7.762729] printk: bootconsole [earlyser0] disabled
[    7.768223] mempolicy: Enabling automatic NUMA balancing. Configure with numa_balancing= or the kernel.numa_balancing sysctl
[    7.774115] ACPI: Core revision 20210730
[    7.776314] Failed to register legacy timer interrupt
[    7.778931] APIC: Switch to symmetric I/O mode setup
[    7.781582] Switched APIC routing to physical flat.
[    7.784244] Hyper-V: Using IPI hypercalls
[    7.786384] Hyper-V: Using enlightened APIC (xapic mode)
[    7.786645] clocksource: tsc-early: mask: 0xffffffffffffffff max_cycles: 0x233fe1217f0, max_idle_ns: 440795285373 ns
[    7.795024] Calibrating delay loop (skipped), value calculated using timer frequency.. 4890.87 BogoMIPS (lpj=9781744)
[    7.799022] x86/cpu: User Mode Instruction Prevention (UMIP) activated
[    7.799022] Last level iTLB entries: 4KB 1024, 2MB 1024, 4MB 512
[    7.799022] Last level dTLB entries: 4KB 2048, 2MB 2048, 4MB 1024, 1GB 0
[    7.799022] Spectre V1 : Mitigation: usercopy/swapgs barriers and __user pointer sanitization
[    7.799022] Spectre V2 : Mitigation: Retpolines
[    7.799022] Spectre V2 : Spectre v2 / SpectreRSB mitigation: Filling RSB on context switch
[    7.799022] Spectre V2 : Spectre v2 / SpectreRSB : Filling RSB on VMEXIT
[    7.799022] RETBleed: Mitigation: untrained return thunk
[    7.799022] Speculative Store Bypass: Mitigation: Speculative Store Bypass disabled via prctl and seccomp
[    7.799022] Speculative Return Stack Overflow: IBPB-extending microcode not applied!
[    7.799022] Speculative Return Stack Overflow: WARNING: See https://kernel.org/doc/html/latest/admin-guide/hw-vuln/srso.html for mitigation options.
[    7.799022] Speculative Return Stack Overflow: Mitigation: safe RET, no microcode
[    7.799022] x86/fpu: Supporting XSAVE feature 0x001: 'x87 floating point registers'
[    7.799022] x86/fpu: Supporting XSAVE feature 0x002: 'SSE registers'
[    7.799022] x86/fpu: Supporting XSAVE feature 0x004: 'AVX registers'
[    7.799022] x86/fpu: xstate_offset[2]:  576, xstate_sizes[2]:  256
[    7.799022] x86/fpu: Enabled xstate features 0x7, context size is 832 bytes, using 'compacted' format.
[    7.799022] Freeing SMP alternatives memory: 44K
[    7.799022] pid_max: default: 98304 minimum: 768
[    7.799022] LSM: Security Framework initializing
[    7.799022] landlock: Up and running.
[    7.799022] Yama: becoming mindful.
[    7.799022] AppArmor: AppArmor initialized
[    7.799022] Dentry cache hash table entries: 33554432 (order: 16, 268435456 bytes, vmalloc)
[    7.799022] Inode-cache hash table entries: 16777216 (order: 15, 134217728 bytes, vmalloc)
[    7.799022] Mount-cache hash table entries: 524288 (order: 10, 4194304 bytes, vmalloc)
[    7.799022] Mountpoint-cache hash table entries: 524288 (order: 10, 4194304 bytes, vmalloc)
[    7.799022] smpboot: CPU0: AMD EPYC 7V12 64-Core Processor (family: 0x17, model: 0x31, stepping: 0x0)
[    7.799354] Performance Events: Fam17h+ core perfctr, AMD PMU driver.
[    7.802855] ... version:                0
[    7.803027] ... bit width:              48
[    7.805200] ... generic registers:      6
[    7.807025] ... value mask:             0000ffffffffffff
[    7.809870] ... max period:             00007fffffffffff
[    7.811024] ... fixed-purpose events:   0
[    7.813159] ... event mask:             000000000000003f
[    7.815208] signal: max sigframe size: 1776
[    7.817481] rcu: Hierarchical SRCU implementation.
[    7.819569] NMI watchdog: Enabled. Permanently consumes one hw-PMU counter.
[    7.824004] smp: Bringing up secondary CPUs ...
[    7.826559] x86: Booting SMP configuration:
[    7.827027] .... node  #0, CPUs:        #1  #2  #3  #4  #5  #6  #7  #8  #9 #10 #11 #12 #13 #14 #15 #16 #17 #18 #19 #20 #21 #22 #23
[    7.847026] .... node  #1, CPUs:   #24 #25 #26 #27 #28 #29 #30 #31 #32 #33 #34 #35 #36 #37 #38 #39 #40 #41 #42 #43 #44 #45 #46 #47
[    7.867027] .... node  #2, CPUs:   #48 #49 #50 #51 #52 #53 #54 #55 #56 #57 #58 #59 #60 #61 #62 #63 #64 #65 #66 #67 #68 #69 #70 #71
[    7.967027] .... node  #3, CPUs:   #72 #73 #74 #75 #76 #77 #78 #79 #80 #81 #82 #83 #84 #85 #86 #87 #88 #89 #90 #91 #92 #93 #94 #95
[    7.987185] smp: Brought up 4 nodes, 96 CPUs
[    7.993335] smpboot: Max logical packages: 2
[    7.995035] smpboot: Total of 96 processors activated (469790.85 BogoMIPS)
[    8.142537] devtmpfs: initialized
[    8.143170] x86/mm: Memory block size: 1024MB
[    8.173403] ACPI: PM: Registering ACPI NVS region [mem 0x3fffb000-0x3fffefff] (16384 bytes)
[    8.175170] clocksource: jiffies: mask: 0xffffffff max_cycles: 0xffffffff, max_idle_ns: 7645041785100000 ns
[    8.179277] futex hash table entries: 32768 (order: 9, 2097152 bytes, vmalloc)
[    8.183417] pinctrl core: initialized pinctrl subsystem
[    8.186728] PM: RTC time: 18:12:13, date: 2025-05-09
[    8.187991] NET: Registered PF_NETLINK/PF_ROUTE protocol family
[    8.191469] DMA: preallocated 4096 KiB GFP_KERNEL pool for atomic allocations
[    8.195255] DMA: preallocated 4096 KiB GFP_KERNEL|GFP_DMA pool for atomic allocations
[    8.199259] DMA: preallocated 4096 KiB GFP_KERNEL|GFP_DMA32 pool for atomic allocations
[    8.203040] audit: initializing netlink subsys (disabled)
[    8.205897] audit: type=2000 audit(1746814332.408:1): state=initialized audit_enabled=0 res=1
[    8.205897] thermal_sys: Registered thermal governor 'fair_share'
[    8.207027] thermal_sys: Registered thermal governor 'bang_bang'
[    8.210201] thermal_sys: Registered thermal governor 'step_wise'
[    8.211025] thermal_sys: Registered thermal governor 'user_space'
[    8.214169] thermal_sys: Registered thermal governor 'power_allocator'
[    8.215034] EISA bus registered
[    8.219081] cpuidle: using governor ladder
[    8.219200] cpuidle: using governor menu
[    8.223168] ACPI: bus type PCI registered
[    8.227026] acpiphp: ACPI Hot Plug PCI Controller Driver version: 0.5
[    8.241426] kprobes: kprobe jump-optimization is enabled. All kprobes are optimized if possible.
[    8.243118] HugeTLB registered 1.00 GiB page size, pre-allocated 0 pages
[    8.247027] HugeTLB registered 2.00 MiB page size, pre-allocated 0 pages
[    8.255279] ACPI: Added _OSI(Module Device)
[    8.257539] ACPI: Added _OSI(Processor Device)
[    8.259035] ACPI: Added _OSI(3.0 _SCP Extensions)
[    8.261538] ACPI: Added _OSI(Processor Aggregator Device)
[    8.263027] ACPI: Added _OSI(Linux-Dell-Video)
[    8.265382] ACPI: Added _OSI(Linux-Lenovo-NV-HDMI-Audio)
[    8.267025] ACPI: Added _OSI(Linux-HPI-Hybrid-Graphics)
[    8.299644] ACPI: 1 ACPI AML tables successfully acquired and loaded
[    8.306898] ACPI: Interpreter enabled
[    8.307050] ACPI: PM: (supports S0 S5)
[    8.309063] ACPI: Using IOAPIC for interrupt routing
[    8.311042] PCI: Using host bridge windows from ACPI; if necessary, use "pci=nocrs" and report a bug
[    8.315025] PCI: Using E820 reservations for host bridge windows
[    8.319910] ACPI: Enabled 1 GPEs in block 00 to 0F
[    8.332704] iommu: Default domain type: Translated 
[    8.335030] iommu: DMA domain TLB invalidation policy: lazy mode 
[    8.338518] SCSI subsystem initialized
[    8.339084] libata version 3.00 loaded.
[    8.339084] vgaarb: loaded
[    8.340509] ACPI: bus type USB registered
[    8.342648] usbcore: registered new interface driver usbfs
[    8.343039] usbcore: registered new interface driver hub
[    8.345947] usbcore: registered new device driver usb
[    8.347044] pps_core: LinuxPPS API ver. 1 registered
[    8.349655] pps_core: Software ver. 5.3.6 - Copyright 2005-2007 Rodolfo Giometti <giometti@linux.it>
[    8.351028] PTP clock support registered
[    8.353176] EDAC MC: Ver: 3.0.0
[    8.355072] Registered efivars operations
[    8.363094] hv_vmbus: Vmbus version:5.2
[    8.368098] NetLabel: Initializing
[    8.369943] NetLabel:  domain hash size = 128
[    8.371027] NetLabel:  protocols = UNLABELED CIPSOv4 CALIPSO
[    8.374688] NetLabel:  unlabeled traffic allowed by default
[    8.375049] PCI: Using ACPI for IRQ routing
[    8.377299] PCI: System does not support PCI
[    8.379637] clocksource: Switched to clocksource tsc-early
[    8.404563] VFS: Disk quotas dquot_6.6.0
[    8.406721] VFS: Dquot-cache hash table entries: 512 (order 0, 4096 bytes)
[    8.410560] AppArmor: AppArmor Filesystem Enabled
[    8.413096] pnp: PnP ACPI init
[    8.415950] pnp: PnP ACPI: found 3 devices
[    8.425970] clocksource: acpi_pm: mask: 0xffffff max_cycles: 0xffffff, max_idle_ns: 2085701024 ns
[    8.430716] NET: Registered PF_INET protocol family
[    8.433601] IP idents hash table entries: 262144 (order: 9, 2097152 bytes, vmalloc)
[    8.439288] tcp_listen_portaddr_hash hash table entries: 65536 (order: 8, 1048576 bytes, vmalloc)
[    8.444081] Table-perturb hash table entries: 65536 (order: 6, 262144 bytes, vmalloc)
[    8.448718] TCP established hash table entries: 524288 (order: 10, 4194304 bytes, vmalloc)
[    8.453695] TCP bind hash table entries: 65536 (order: 8, 1048576 bytes, vmalloc)
[    8.457763] TCP: Hash tables configured (established 524288 bind 65536)
[    8.461739] MPTCP token hash table entries: 65536 (order: 8, 1572864 bytes, vmalloc)
[    8.466230] UDP hash table entries: 65536 (order: 9, 2097152 bytes, vmalloc)
[    8.470376] UDP-Lite hash table entries: 65536 (order: 9, 2097152 bytes, vmalloc)
[    8.474700] NET: Registered PF_UNIX/PF_LOCAL protocol family
[    8.477714] NET: Registered PF_XDP protocol family
[    8.480273] PCI: CLS 0 bytes, default 64
[    8.482408] PCI-DMA: Using software bounce buffering for IO (SWIOTLB)
[    8.485824] software IO TLB: mapped [mem 0x000000003a95d000-0x000000003e95d000] (64MB)
[    8.490113] clocksource: tsc: mask: 0xffffffffffffffff max_cycles: 0x233fe1217f0, max_idle_ns: 440795285373 ns
[    8.495955] clocksource: Switched to clocksource tsc
[    8.501244] Initialise system trusted keyrings
[    8.503783] Key type blacklist registered
[    8.506274] workingset: timestamp_bits=36 max_order=29 bucket_order=0
[    8.512058] zbud: loaded
[    8.514259] squashfs: version 4.0 (2009/01/31) Phillip Lougher
[    8.517770] fuse: init (API version 7.34)
[    8.521088] integrity: Platform Keyring initialized
[    8.527459] Key type asymmetric registered
[    8.529856] Asymmetric key parser 'x509' registered
[    8.532481] Block layer SCSI generic (bsg) driver version 0.4 loaded (major 244)
[    8.536573] io scheduler mq-deadline registered
[    8.542525] shpchp: Standard Hot Plug PCI Controller Driver version: 0.4
[    8.546239] hv_vmbus: registering driver hv_pci
[    8.548981] hv_pci 0000000b-0101-0001-3135-423331303142: PCI VMBus probing: Using version 0x10004
[    8.555036] hv_pci 0000000b-0101-0001-3135-423331303142: PCI host bridge to bus 0101:00
[    8.559264] pci_bus 0101:00: root bus resource [mem 0x10000000000-0x10001ffffff window]
[    8.563554] pci_bus 0101:00: No busn resource found for root bus, will use [bus 00-ff]
[    8.569458] pci 0101:00:00.0: [15b3:101c] type 00 class 0x020700
[    8.574979] pci 0101:00:00.0: reg 0x10: [mem 0x10000000000-0x10001ffffff 64bit pref]
[    8.582264] pci 0101:00:00.0: enabling Extended Tags
[    8.594822] pci 0101:00:00.0: 0.000 Gb/s available PCIe bandwidth, limited by Unknown x0 link at 0101:00:00.0 (capable of 252.048 Gb/s with 16.0 GT/s PCIe x16 link)
[    8.609009] pci_bus 0101:00: busn_res: [bus 00-ff] end is updated to 00
[    8.612601] pci 0101:00:00.0: BAR 0: assigned [mem 0x10000000000-0x10001ffffff 64bit pref]
[    8.618582] hv_pci 00000015-0102-0001-3135-423331303142: PCI VMBus probing: Using version 0x10004
[    8.624395] hv_pci 00000015-0102-0001-3135-423331303142: PCI host bridge to bus 0102:00
[    8.628653] pci_bus 0102:00: root bus resource [mem 0x10002000000-0x10003ffffff window]
[    8.632901] pci_bus 0102:00: No busn resource found for root bus, will use [bus 00-ff]
[    8.638784] pci 0102:00:00.0: [15b3:101c] type 00 class 0x020700
[    8.644316] pci 0102:00:00.0: reg 0x10: [mem 0x10002000000-0x10003ffffff 64bit pref]
[    8.650338] pci 0102:00:00.0: enabling Extended Tags
[    8.662678] pci 0102:00:00.0: 0.000 Gb/s available PCIe bandwidth, limited by Unknown x0 link at 0102:00:00.0 (capable of 252.048 Gb/s with 16.0 GT/s PCIe x16 link)
[    8.676827] pci_bus 0102:00: busn_res: [bus 00-ff] end is updated to 00
[    8.680298] pci 0102:00:00.0: BAR 0: assigned [mem 0x10002000000-0x10003ffffff 64bit pref]
[    8.686209] hv_pci 0000004b-0103-0000-3135-423331303142: PCI VMBus probing: Using version 0x10004
[    8.692026] hv_pci 0000004b-0103-0000-3135-423331303142: PCI host bridge to bus 0103:00
[    8.696269] pci_bus 0103:00: root bus resource [mem 0x10004000000-0x10005ffffff window]
[    8.700473] pci_bus 0103:00: No busn resource found for root bus, will use [bus 00-ff]
[    8.706551] pci 0103:00:00.0: [15b3:101c] type 00 class 0x020700
[    8.712194] pci 0103:00:00.0: reg 0x10: [mem 0x10004000000-0x10005ffffff 64bit pref]
[    8.718346] pci 0103:00:00.0: enabling Extended Tags
[    8.731679] pci 0103:00:00.0: 0.000 Gb/s available PCIe bandwidth, limited by Unknown x0 link at 0103:00:00.0 (capable of 252.048 Gb/s with 16.0 GT/s PCIe x16 link)
[    8.745920] pci_bus 0103:00: busn_res: [bus 00-ff] end is updated to 00
[    8.749449] pci 0103:00:00.0: BAR 0: assigned [mem 0x10004000000-0x10005ffffff 64bit pref]
[    8.755436] hv_pci 00000055-0104-0000-3135-423331303142: PCI VMBus probing: Using version 0x10004
[    8.761211] hv_pci 00000055-0104-0000-3135-423331303142: PCI host bridge to bus 0104:00
[    8.765408] pci_bus 0104:00: root bus resource [mem 0x10006000000-0x10007ffffff window]
[    8.769640] pci_bus 0104:00: No busn resource found for root bus, will use [bus 00-ff]
[    8.775701] pci 0104:00:00.0: [15b3:101c] type 00 class 0x020700
[    8.781305] pci 0104:00:00.0: reg 0x10: [mem 0x10006000000-0x10007ffffff 64bit pref]
[    8.787432] pci 0104:00:00.0: enabling Extended Tags
[    8.800798] pci 0104:00:00.0: 0.000 Gb/s available PCIe bandwidth, limited by Unknown x0 link at 0104:00:00.0 (capable of 252.048 Gb/s with 16.0 GT/s PCIe x16 link)
[    8.814988] pci_bus 0104:00: busn_res: [bus 00-ff] end is updated to 00
[    8.818624] pci 0104:00:00.0: BAR 0: assigned [mem 0x10006000000-0x10007ffffff 64bit pref]
[    8.824560] hv_pci 0000008b-0105-0003-3135-423331303142: PCI VMBus probing: Using version 0x10004
[    8.830314] hv_pci 0000008b-0105-0003-3135-423331303142: PCI host bridge to bus 0105:00
[    8.834611] pci_bus 0105:00: root bus resource [mem 0x10008000000-0x10009ffffff window]
[    8.838920] pci_bus 0105:00: No busn resource found for root bus, will use [bus 00-ff]
[    8.844906] pci 0105:00:00.0: [15b3:101c] type 00 class 0x020700
[    8.850813] pci 0105:00:00.0: reg 0x10: [mem 0x10008000000-0x10009ffffff 64bit pref]
[    8.856891] pci 0105:00:00.0: enabling Extended Tags
[    8.870250] pci 0105:00:00.0: 0.000 Gb/s available PCIe bandwidth, limited by Unknown x0 link at 0105:00:00.0 (capable of 252.048 Gb/s with 16.0 GT/s PCIe x16 link)
[    8.884520] pci_bus 0105:00: busn_res: [bus 00-ff] end is updated to 00
[    8.888113] pci 0105:00:00.0: BAR 0: assigned [mem 0x10008000000-0x10009ffffff 64bit pref]
[    8.894094] hv_pci 00000095-0106-0003-3135-423331303142: PCI VMBus probing: Using version 0x10004
[    8.899992] hv_pci 00000095-0106-0003-3135-423331303142: PCI host bridge to bus 0106:00
[    8.904202] pci_bus 0106:00: root bus resource [mem 0x1000a000000-0x1000bffffff window]
[    8.908427] pci_bus 0106:00: No busn resource found for root bus, will use [bus 00-ff]
[    8.914470] pci 0106:00:00.0: [15b3:101c] type 00 class 0x020700
[    8.920078] pci 0106:00:00.0: reg 0x10: [mem 0x1000a000000-0x1000bffffff 64bit pref]
[    8.926117] pci 0106:00:00.0: enabling Extended Tags
[    8.939357] pci 0106:00:00.0: 0.000 Gb/s available PCIe bandwidth, limited by Unknown x0 link at 0106:00:00.0 (capable of 252.048 Gb/s with 16.0 GT/s PCIe x16 link)
[    8.953495] pci_bus 0106:00: busn_res: [bus 00-ff] end is updated to 00
[    8.957001] pci 0106:00:00.0: BAR 0: assigned [mem 0x1000a000000-0x1000bffffff 64bit pref]
[    8.962972] hv_pci 000000cb-0107-0002-3135-423331303142: PCI VMBus probing: Using version 0x10004
[    8.968742] hv_pci 000000cb-0107-0002-3135-423331303142: PCI host bridge to bus 0107:00
[    8.972950] pci_bus 0107:00: root bus resource [mem 0x1000c000000-0x1000dffffff window]
[    8.977168] pci_bus 0107:00: No busn resource found for root bus, will use [bus 00-ff]
[    8.983147] pci 0107:00:00.0: [15b3:101c] type 00 class 0x020700
[    8.988728] pci 0107:00:00.0: reg 0x10: [mem 0x1000c000000-0x1000dffffff 64bit pref]
[    8.994800] pci 0107:00:00.0: enabling Extended Tags
[    9.007935] pci 0107:00:00.0: 0.000 Gb/s available PCIe bandwidth, limited by Unknown x0 link at 0107:00:00.0 (capable of 252.048 Gb/s with 16.0 GT/s PCIe x16 link)
[    9.022103] pci_bus 0107:00: busn_res: [bus 00-ff] end is updated to 00
[    9.025700] pci 0107:00:00.0: BAR 0: assigned [mem 0x1000c000000-0x1000dffffff 64bit pref]
[    9.031645] hv_pci 000000d5-0108-0002-3135-423331303142: PCI VMBus probing: Using version 0x10004
[    9.037391] hv_pci 000000d5-0108-0002-3135-423331303142: PCI host bridge to bus 0108:00
[    9.041659] pci_bus 0108:00: root bus resource [mem 0x1000e000000-0x1000fffffff window]
[    9.045853] pci_bus 0108:00: No busn resource found for root bus, will use [bus 00-ff]
[    9.051903] pci 0108:00:00.0: [15b3:101c] type 00 class 0x020700
[    9.057510] pci 0108:00:00.0: reg 0x10: [mem 0x1000e000000-0x1000fffffff 64bit pref]
[    9.063624] pci 0108:00:00.0: enabling Extended Tags
[    9.076931] pci 0108:00:00.0: 0.000 Gb/s available PCIe bandwidth, limited by Unknown x0 link at 0108:00:00.0 (capable of 252.048 Gb/s with 16.0 GT/s PCIe x16 link)
[    9.091161] pci_bus 0108:00: busn_res: [bus 00-ff] end is updated to 00
[    9.094761] pci 0108:00:00.0: BAR 0: assigned [mem 0x1000e000000-0x1000fffffff 64bit pref]
[    9.100724] hv_pci 0000000e-0001-0001-3130-444500000000: PCI VMBus probing: Using version 0x10004
[    9.106232] hv_pci 0000000e-0001-0001-3130-444500000000: PCI host bridge to bus 0001:00
[    9.110436] pci_bus 0001:00: root bus resource [mem 0x41000000-0x41ffffff window]
[    9.114348] pci_bus 0001:00: root bus resource [mem 0x12000000000-0x14001ffffff window]
[    9.118542] pci_bus 0001:00: No busn resource found for root bus, will use [bus 00-ff]
[    9.124776] pci 0001:00:00.0: [10de:20b2] type 00 class 0x030200
[    9.128700] pci 0001:00:00.0: reg 0x10: [mem 0x41000000-0x41ffffff]
[    9.132589] pci 0001:00:00.0: reg 0x14: [mem 0x12000000000-0x13fffffffff 64bit pref]
[    9.137248] pci 0001:00:00.0: reg 0x1c: [mem 0x14000000000-0x14001ffffff 64bit pref]
[    9.142352] pci 0001:00:00.0: Enabling HDA controller
[    9.152708] pci 0001:00:00.0: PME# supported from D0 D3hot
[    9.170802] pci_bus 0001:00: busn_res: [bus 00-ff] end is updated to 00
[    9.174421] pci 0001:00:00.0: BAR 1: assigned [mem 0x12000000000-0x13fffffffff 64bit pref]
[    9.179274] pci 0001:00:00.0: BAR 3: assigned [mem 0x14000000000-0x14001ffffff 64bit pref]
[    9.184137] pci 0001:00:00.0: BAR 0: assigned [mem 0x41000000-0x41ffffff]
[    9.188633] hv_pci 00000013-0002-0001-3130-444500000000: PCI VMBus probing: Using version 0x10004
[    9.194166] hv_pci 00000013-0002-0001-3130-444500000000: PCI host bridge to bus 0002:00
[    9.198386] pci_bus 0002:00: root bus resource [mem 0x42000000-0x42ffffff window]
[    9.202385] pci_bus 0002:00: root bus resource [mem 0x16000000000-0x18001ffffff window]
[    9.206588] pci_bus 0002:00: No busn resource found for root bus, will use [bus 00-ff]
[    9.212886] pci 0002:00:00.0: [10de:20b2] type 00 class 0x030200
[    9.216845] pci 0002:00:00.0: reg 0x10: [mem 0x42000000-0x42ffffff]
[    9.220750] pci 0002:00:00.0: reg 0x14: [mem 0x16000000000-0x17fffffffff 64bit pref]
[    9.225398] pci 0002:00:00.0: reg 0x1c: [mem 0x18000000000-0x18001ffffff 64bit pref]
[    9.230562] pci 0002:00:00.0: Enabling HDA controller
[    9.239661] pci 0002:00:00.0: PME# supported from D0 D3hot
[    9.257894] pci_bus 0002:00: busn_res: [bus 00-ff] end is updated to 00
[    9.261414] pci 0002:00:00.0: BAR 1: assigned [mem 0x16000000000-0x17fffffffff 64bit pref]
[    9.266282] pci 0002:00:00.0: BAR 3: assigned [mem 0x18000000000-0x18001ffffff 64bit pref]
[    9.271127] pci 0002:00:00.0: BAR 0: assigned [mem 0x42000000-0x42ffffff]
[    9.275612] hv_pci 0000004e-0003-0000-3130-444500000000: PCI VMBus probing: Using version 0x10004
[    9.281135] hv_pci 0000004e-0003-0000-3130-444500000000: PCI host bridge to bus 0003:00
[    9.285344] pci_bus 0003:00: root bus resource [mem 0x43000000-0x43ffffff window]
[    9.289275] pci_bus 0003:00: root bus resource [mem 0x1a000000000-0x1c001ffffff window]
[    9.293542] pci_bus 0003:00: No busn resource found for root bus, will use [bus 00-ff]
[    9.299815] pci 0003:00:00.0: [10de:20b2] type 00 class 0x030200
[    9.303773] pci 0003:00:00.0: reg 0x10: [mem 0x43000000-0x43ffffff]
[    9.307963] pci 0003:00:00.0: reg 0x14: [mem 0x1a000000000-0x1bfffffffff 64bit pref]
[    9.312746] pci 0003:00:00.0: reg 0x1c: [mem 0x1c000000000-0x1c001ffffff 64bit pref]
[    9.318000] pci 0003:00:00.0: Enabling HDA controller
[    9.327105] pci 0003:00:00.0: PME# supported from D0 D3hot
[    9.345324] pci_bus 0003:00: busn_res: [bus 00-ff] end is updated to 00
[    9.348857] pci 0003:00:00.0: BAR 1: assigned [mem 0x1a000000000-0x1bfffffffff 64bit pref]
[    9.353741] pci 0003:00:00.0: BAR 3: assigned [mem 0x1c000000000-0x1c001ffffff 64bit pref]
[    9.358596] pci 0003:00:00.0: BAR 0: assigned [mem 0x43000000-0x43ffffff]
[    9.363289] hv_pci 00000053-0004-0000-3130-444500000000: PCI VMBus probing: Using version 0x10004
[    9.368764] hv_pci 00000053-0004-0000-3130-444500000000: PCI host bridge to bus 0004:00
[    9.373006] pci_bus 0004:00: root bus resource [mem 0x44000000-0x44ffffff window]
[    9.376973] pci_bus 0004:00: root bus resource [mem 0x1e000000000-0x20001ffffff window]
[    9.381196] pci_bus 0004:00: No busn resource found for root bus, will use [bus 00-ff]
[    9.387459] pci 0004:00:00.0: [10de:20b2] type 00 class 0x030200
[    9.391416] pci 0004:00:00.0: reg 0x10: [mem 0x44000000-0x44ffffff]
[    9.395340] pci 0004:00:00.0: reg 0x14: [mem 0x1e000000000-0x1ffffffffff 64bit pref]
[    9.399993] pci 0004:00:00.0: reg 0x1c: [mem 0x20000000000-0x20001ffffff 64bit pref]
[    9.405176] pci 0004:00:00.0: Enabling HDA controller
[    9.414448] pci 0004:00:00.0: PME# supported from D0 D3hot
[    9.434769] pci_bus 0004:00: busn_res: [bus 00-ff] end is updated to 00
[    9.438217] pci 0004:00:00.0: BAR 1: assigned [mem 0x1e000000000-0x1ffffffffff 64bit pref]
[    9.443030] pci 0004:00:00.0: BAR 3: assigned [mem 0x20000000000-0x20001ffffff 64bit pref]
[    9.447783] pci 0004:00:00.0: BAR 0: assigned [mem 0x44000000-0x44ffffff]
[    9.452439] hv_pci 00000065-0005-0000-3130-444500000000: PCI VMBus probing: Using version 0x10004
[    9.457782] hv_pci 00000065-0005-0000-3130-444500000000: PCI host bridge to bus 0005:00
[    9.461981] pci_bus 0005:00: root bus resource [mem 0x46000000-0x47ffffff window]
[    9.465848] pci_bus 0005:00: No busn resource found for root bus, will use [bus 00-ff]
[    9.471611] pci 0005:00:00.0: [10de:1af1] type 00 class 0x068000
[    9.475755] pci 0005:00:00.0: reg 0x10: [mem 0x46000000-0x47ffffff]
[    9.485894] pci 0005:00:00.0: PME# supported from D0 D3hot
[    9.503049] pci_bus 0005:00: busn_res: [bus 00-ff] end is updated to 00
[    9.506560] pci 0005:00:00.0: BAR 0: assigned [mem 0x46000000-0x47ffffff]
[    9.510868] hv_pci 00000066-0006-0000-3130-444500000000: PCI VMBus probing: Using version 0x10004
[    9.516198] hv_pci 00000066-0006-0000-3130-444500000000: PCI host bridge to bus 0006:00
[    9.520505] pci_bus 0006:00: root bus resource [mem 0x48000000-0x49ffffff window]
[    9.524421] pci_bus 0006:00: No busn resource found for root bus, will use [bus 00-ff]
[    9.530093] pci 0006:00:00.0: [10de:1af1] type 00 class 0x068000
[    9.534058] pci 0006:00:00.0: reg 0x10: [mem 0x48000000-0x49ffffff]
[    9.544096] pci 0006:00:00.0: PME# supported from D0 D3hot
[    9.559263] pci_bus 0006:00: busn_res: [bus 00-ff] end is updated to 00
[    9.562783] pci 0006:00:00.0: BAR 0: assigned [mem 0x48000000-0x49ffffff]
[    9.567107] hv_pci 00000067-0007-0000-3130-444500000000: PCI VMBus probing: Using version 0x10004
[    9.572449] hv_pci 00000067-0007-0000-3130-444500000000: PCI host bridge to bus 0007:00
[    9.576663] pci_bus 0007:00: root bus resource [mem 0x4a000000-0x4bffffff window]
[    9.580592] pci_bus 0007:00: No busn resource found for root bus, will use [bus 00-ff]
[    9.586351] pci 0007:00:00.0: [10de:1af1] type 00 class 0x068000
[    9.590273] pci 0007:00:00.0: reg 0x10: [mem 0x4a000000-0x4bffffff]
[    9.600475] pci 0007:00:00.0: PME# supported from D0 D3hot
[    9.615641] pci_bus 0007:00: busn_res: [bus 00-ff] end is updated to 00
[    9.619215] pci 0007:00:00.0: BAR 0: assigned [mem 0x4a000000-0x4bffffff]
[    9.623554] hv_pci 00000068-0008-0000-3130-444500000000: PCI VMBus probing: Using version 0x10004
[    9.628782] hv_pci 00000068-0008-0000-3130-444500000000: PCI host bridge to bus 0008:00
[    9.633047] pci_bus 0008:00: root bus resource [mem 0x4c000000-0x4dffffff window]
[    9.636970] pci_bus 0008:00: No busn resource found for root bus, will use [bus 00-ff]
[    9.642706] pci 0008:00:00.0: [10de:1af1] type 00 class 0x068000
[    9.646608] pci 0008:00:00.0: reg 0x10: [mem 0x4c000000-0x4dffffff]
[    9.658378] pci 0008:00:00.0: PME# supported from D0 D3hot
[    9.673591] pci_bus 0008:00: busn_res: [bus 00-ff] end is updated to 00
[    9.677096] pci 0008:00:00.0: BAR 0: assigned [mem 0x4c000000-0x4dffffff]
[    9.681468] hv_pci 00000069-0009-0000-3130-444500000000: PCI VMBus probing: Using version 0x10004
[    9.686734] hv_pci 00000069-0009-0000-3130-444500000000: PCI host bridge to bus 0009:00
[    9.690933] pci_bus 0009:00: root bus resource [mem 0x4e000000-0x4fffffff window]
[    9.694904] pci_bus 0009:00: No busn resource found for root bus, will use [bus 00-ff]
[    9.700605] pci 0009:00:00.0: [10de:1af1] type 00 class 0x068000
[    9.704545] pci 0009:00:00.0: reg 0x10: [mem 0x4e000000-0x4fffffff]
[    9.714637] pci 0009:00:00.0: PME# supported from D0 D3hot
[    9.729802] pci_bus 0009:00: busn_res: [bus 00-ff] end is updated to 00
[    9.733432] pci 0009:00:00.0: BAR 0: assigned [mem 0x4e000000-0x4fffffff]
[    9.737746] hv_pci 0000006a-000a-0000-3130-444500000000: PCI VMBus probing: Using version 0x10004
[    9.742997] hv_pci 0000006a-000a-0000-3130-444500000000: PCI host bridge to bus 000a:00
[    9.747262] pci_bus 000a:00: root bus resource [mem 0x50000000-0x51ffffff window]
[    9.751176] pci_bus 000a:00: No busn resource found for root bus, will use [bus 00-ff]
[    9.756911] pci 000a:00:00.0: [10de:1af1] type 00 class 0x068000
[    9.760864] pci 000a:00:00.0: reg 0x10: [mem 0x50000000-0x51ffffff]
[    9.770922] pci 000a:00:00.0: PME# supported from D0 D3hot
[    9.786172] pci_bus 000a:00: busn_res: [bus 00-ff] end is updated to 00
[    9.789629] pci 000a:00:00.0: BAR 0: assigned [mem 0x50000000-0x51ffffff]
[    9.793977] hv_pci 0000008e-000b-0003-3130-444500000000: PCI VMBus probing: Using version 0x10004
[    9.799442] hv_pci 0000008e-000b-0003-3130-444500000000: PCI host bridge to bus 000b:00
[    9.803685] pci_bus 000b:00: root bus resource [mem 0x45000000-0x45ffffff window]
[    9.807607] pci_bus 000b:00: root bus resource [mem 0x22000000000-0x24001ffffff window]
[    9.811821] pci_bus 000b:00: No busn resource found for root bus, will use [bus 00-ff]
[    9.818134] pci 000b:00:00.0: [10de:20b2] type 00 class 0x030200
[    9.822058] pci 000b:00:00.0: reg 0x10: [mem 0x45000000-0x45ffffff]
[    9.826431] pci 000b:00:00.0: reg 0x14: [mem 0x22000000000-0x23fffffffff 64bit pref]
[    9.831176] pci 000b:00:00.0: reg 0x1c: [mem 0x24000000000-0x24001ffffff 64bit pref]
[    9.836333] pci 000b:00:00.0: Enabling HDA controller
[    9.845460] pci 000b:00:00.0: PME# supported from D0 D3hot
[    9.863635] pci_bus 000b:00: busn_res: [bus 00-ff] end is updated to 00
[    9.867129] pci 000b:00:00.0: BAR 1: assigned [mem 0x22000000000-0x23fffffffff 64bit pref]
[    9.871957] pci 000b:00:00.0: BAR 3: assigned [mem 0x24000000000-0x24001ffffff 64bit pref]
[    9.876802] pci 000b:00:00.0: BAR 0: assigned [mem 0x45000000-0x45ffffff]
[    9.881309] hv_pci 00000094-000c-0003-3130-444500000000: PCI VMBus probing: Using version 0x10004
[    9.887946] hv_pci 00000094-000c-0003-3130-444500000000: PCI host bridge to bus 000c:00
[    9.892179] pci_bus 000c:00: root bus resource [mem 0x52000000-0x52ffffff window]
[    9.896123] pci_bus 000c:00: root bus resource [mem 0x26000000000-0x28001ffffff window]
[    9.900287] pci_bus 000c:00: No busn resource found for root bus, will use [bus 00-ff]
[    9.906689] pci 000c:00:00.0: [10de:20b2] type 00 class 0x030200
[    9.910578] pci 000c:00:00.0: reg 0x10: [mem 0x52000000-0x52ffffff]
[    9.914528] pci 000c:00:00.0: reg 0x14: [mem 0x26000000000-0x27fffffffff 64bit pref]
[    9.919175] pci 000c:00:00.0: reg 0x1c: [mem 0x28000000000-0x28001ffffff 64bit pref]
[    9.924340] pci 000c:00:00.0: Enabling HDA controller
[    9.933354] pci 000c:00:00.0: PME# supported from D0 D3hot
[    9.953381] pci_bus 000c:00: busn_res: [bus 00-ff] end is updated to 00
[    9.956899] pci 000c:00:00.0: BAR 1: assigned [mem 0x26000000000-0x27fffffffff 64bit pref]
[    9.961758] pci 000c:00:00.0: BAR 3: assigned [mem 0x28000000000-0x28001ffffff 64bit pref]
[    9.966628] pci 000c:00:00.0: BAR 0: assigned [mem 0x52000000-0x52ffffff]
[    9.971154] hv_pci 000000ce-000d-0002-3130-444500000000: PCI VMBus probing: Using version 0x10004
[    9.976663] hv_pci 000000ce-000d-0002-3130-444500000000: PCI host bridge to bus 000d:00
[    9.980870] pci_bus 000d:00: root bus resource [mem 0x53000000-0x53ffffff window]
[    9.984849] pci_bus 000d:00: root bus resource [mem 0x2a000000000-0x2c001ffffff window]
[    9.989048] pci_bus 000d:00: No busn resource found for root bus, will use [bus 00-ff]
[    9.995313] pci 000d:00:00.0: [10de:20b2] type 00 class 0x030200
[    9.999205] pci 000d:00:00.0: reg 0x10: [mem 0x53000000-0x53ffffff]
[   10.003137] pci 000d:00:00.0: reg 0x14: [mem 0x2a000000000-0x2bfffffffff 64bit pref]
[   10.007818] pci 000d:00:00.0: reg 0x1c: [mem 0x2c000000000-0x2c001ffffff 64bit pref]
[   10.012925] pci 000d:00:00.0: Enabling HDA controller
[   10.022085] pci 000d:00:00.0: PME# supported from D0 D3hot
[   10.040229] pci_bus 000d:00: busn_res: [bus 00-ff] end is updated to 00
[   10.043710] pci 000d:00:00.0: BAR 1: assigned [mem 0x2a000000000-0x2bfffffffff 64bit pref]
[   10.049028] pci 000d:00:00.0: BAR 3: assigned [mem 0x2c000000000-0x2c001ffffff 64bit pref]
[   10.053854] pci 000d:00:00.0: BAR 0: assigned [mem 0x53000000-0x53ffffff]
[   10.058403] hv_pci 000000d4-000e-0002-3130-444500000000: PCI VMBus probing: Using version 0x10004
[   10.063895] hv_pci 000000d4-000e-0002-3130-444500000000: PCI host bridge to bus 000e:00
[   10.068091] pci_bus 000e:00: root bus resource [mem 0x54000000-0x54ffffff window]
[   10.071999] pci_bus 000e:00: root bus resource [mem 0x2e000000000-0x30001ffffff window]
[   10.076220] pci_bus 000e:00: No busn resource found for root bus, will use [bus 00-ff]
[   10.082451] pci 000e:00:00.0: [10de:20b2] type 00 class 0x030200
[   10.086391] pci 000e:00:00.0: reg 0x10: [mem 0x54000000-0x54ffffff]
[   10.090237] pci 000e:00:00.0: reg 0x14: [mem 0x2e000000000-0x2ffffffffff 64bit pref]
[   10.094818] pci 000e:00:00.0: reg 0x1c: [mem 0x30000000000-0x30001ffffff 64bit pref]
[   10.099980] pci 000e:00:00.0: Enabling HDA controller
[   10.109026] pci 000e:00:00.0: PME# supported from D0 D3hot
[   10.129036] pci_bus 000e:00: busn_res: [bus 00-ff] end is updated to 00
[   10.132599] pci 000e:00:00.0: BAR 1: assigned [mem 0x2e000000000-0x2ffffffffff 64bit pref]
[   10.137488] pci 000e:00:00.0: BAR 3: assigned [mem 0x30000000000-0x30001ffffff 64bit pref]
[   10.142325] pci 000e:00:00.0: BAR 0: assigned [mem 0x54000000-0x54ffffff]
[   10.146854] hv_pci a995552a-8eab-41f9-9807-36418dd90b66: PCI VMBus probing: Using version 0x10004
[   10.154023] hv_pci a995552a-8eab-41f9-9807-36418dd90b66: PCI host bridge to bus 8eab:00
[   10.158259] pci_bus 8eab:00: root bus resource [mem 0x10010000000-0x1001000bfff window]
[   10.162436] pci_bus 8eab:00: No busn resource found for root bus, will use [bus 00-ff]
[   10.167767] pci 8eab:00:00.0: [1414:b111] type 00 class 0x010802
[   10.171935] pci 8eab:00:00.0: reg 0x10: [mem 0x10010008000-0x1001000bfff 64bit]
[   10.177078] pci 8eab:00:00.0: reg 0x20: [mem 0x10010000000-0x10010007fff 64bit]
[   10.196667] pci_bus 8eab:00: busn_res: [bus 00-ff] end is updated to 00
[   10.200142] pci 8eab:00:00.0: BAR 4: assigned [mem 0x10010000000-0x10010007fff 64bit]
[   10.204752] pci 8eab:00:00.0: BAR 0: assigned [mem 0x10010008000-0x1001000bfff 64bit]
[   10.209719] hv_pci da93ffbd-19f1-4b76-b46b-4c6eda933701: PCI VMBus probing: Using version 0x10004
[   10.216799] hv_pci da93ffbd-19f1-4b76-b46b-4c6eda933701: PCI host bridge to bus 19f1:00
[   10.221058] pci_bus 19f1:00: root bus resource [mem 0x10010010000-0x1001001bfff window]
[   10.225263] pci_bus 19f1:00: No busn resource found for root bus, will use [bus 00-ff]
[   10.230595] pci 19f1:00:00.0: [1414:b111] type 00 class 0x010802
[   10.234755] pci 19f1:00:00.0: reg 0x10: [mem 0x10010018000-0x1001001bfff 64bit]
[   10.239926] pci 19f1:00:00.0: reg 0x20: [mem 0x10010010000-0x10010017fff 64bit]
[   10.259442] pci_bus 19f1:00: busn_res: [bus 00-ff] end is updated to 00
[   10.262908] pci 19f1:00:00.0: BAR 4: assigned [mem 0x10010010000-0x10010017fff 64bit]
[   10.267556] pci 19f1:00:00.0: BAR 0: assigned [mem 0x10010018000-0x1001001bfff 64bit]
[   10.272476] hv_pci 402294d4-fc50-4ba3-8ae3-dc71d4d0c3b9: PCI VMBus probing: Using version 0x10004
[   10.279540] hv_pci 402294d4-fc50-4ba3-8ae3-dc71d4d0c3b9: PCI host bridge to bus fc50:00
[   10.283740] pci_bus fc50:00: root bus resource [mem 0x10010020000-0x1001002bfff window]
[   10.287960] pci_bus fc50:00: No busn resource found for root bus, will use [bus 00-ff]
[   10.293278] pci fc50:00:00.0: [1414:b111] type 00 class 0x010802
[   10.297629] pci fc50:00:00.0: reg 0x10: [mem 0x10010028000-0x1001002bfff 64bit]
[   10.302765] pci fc50:00:00.0: reg 0x20: [mem 0x10010020000-0x10010027fff 64bit]
[   10.322454] pci_bus fc50:00: busn_res: [bus 00-ff] end is updated to 00
[   10.325940] pci fc50:00:00.0: BAR 4: assigned [mem 0x10010020000-0x10010027fff 64bit]
[   10.330604] pci fc50:00:00.0: BAR 0: assigned [mem 0x10010028000-0x1001002bfff 64bit]
[   10.335429] hv_pci f4f92c5c-341e-4fdd-98ad-7f07d185774f: PCI VMBus probing: Using version 0x10004
[   10.342578] hv_pci f4f92c5c-341e-4fdd-98ad-7f07d185774f: PCI host bridge to bus 341e:00
[   10.346821] pci_bus 341e:00: root bus resource [mem 0x10010030000-0x1001003bfff window]
[   10.351046] pci_bus 341e:00: No busn resource found for root bus, will use [bus 00-ff]
[   10.356435] pci 341e:00:00.0: [1414:b111] type 00 class 0x010802
[   10.360676] pci 341e:00:00.0: reg 0x10: [mem 0x10010038000-0x1001003bfff 64bit]
[   10.365821] pci 341e:00:00.0: reg 0x20: [mem 0x10010030000-0x10010037fff 64bit]
[   10.385689] pci_bus 341e:00: busn_res: [bus 00-ff] end is updated to 00
[   10.389226] pci 341e:00:00.0: BAR 4: assigned [mem 0x10010030000-0x10010037fff 64bit]
[   10.393843] pci 341e:00:00.0: BAR 0: assigned [mem 0x10010038000-0x1001003bfff 64bit]
[   10.398737] hv_pci 381a900d-3089-4276-9d13-85cf280e1bda: PCI VMBus probing: Using version 0x10004
[   10.405894] hv_pci 381a900d-3089-4276-9d13-85cf280e1bda: PCI host bridge to bus 3089:00
[   10.410142] pci_bus 3089:00: root bus resource [mem 0x10010040000-0x1001004bfff window]
[   10.414311] pci_bus 3089:00: No busn resource found for root bus, will use [bus 00-ff]
[   10.419792] pci 3089:00:00.0: [1414:b111] type 00 class 0x010802
[   10.423972] pci 3089:00:00.0: reg 0x10: [mem 0x10010048000-0x1001004bfff 64bit]
[   10.429147] pci 3089:00:00.0: reg 0x20: [mem 0x10010040000-0x10010047fff 64bit]
[   10.448727] pci_bus 3089:00: busn_res: [bus 00-ff] end is updated to 00
[   10.452231] pci 3089:00:00.0: BAR 4: assigned [mem 0x10010040000-0x10010047fff 64bit]
[   10.456829] pci 3089:00:00.0: BAR 0: assigned [mem 0x10010048000-0x1001004bfff 64bit]
[   10.461705] hv_pci 3623885e-4564-4d1d-b45e-2bad2ecb90ca: PCI VMBus probing: Using version 0x10004
[   10.468790] hv_pci 3623885e-4564-4d1d-b45e-2bad2ecb90ca: PCI host bridge to bus 4564:00
[   10.472967] pci_bus 4564:00: root bus resource [mem 0x10010050000-0x1001005bfff window]
[   10.477149] pci_bus 4564:00: No busn resource found for root bus, will use [bus 00-ff]
[   10.482527] pci 4564:00:00.0: [1414:b111] type 00 class 0x010802
[   10.486701] pci 4564:00:00.0: reg 0x10: [mem 0x10010058000-0x1001005bfff 64bit]
[   10.491863] pci 4564:00:00.0: reg 0x20: [mem 0x10010050000-0x10010057fff 64bit]
[   10.511515] pci_bus 4564:00: busn_res: [bus 00-ff] end is updated to 00
[   10.515019] pci 4564:00:00.0: BAR 4: assigned [mem 0x10010050000-0x10010057fff 64bit]
[   10.519633] pci 4564:00:00.0: BAR 0: assigned [mem 0x10010058000-0x1001005bfff 64bit]
[   10.524475] hv_pci 69c4c86f-30d0-4499-87e2-342a83d548b9: PCI VMBus probing: Using version 0x10004
[   10.531610] hv_pci 69c4c86f-30d0-4499-87e2-342a83d548b9: PCI host bridge to bus 30d0:00
[   10.535836] pci_bus 30d0:00: root bus resource [mem 0x10010060000-0x1001006bfff window]
[   10.540093] pci_bus 30d0:00: No busn resource found for root bus, will use [bus 00-ff]
[   10.545590] pci 30d0:00:00.0: [1414:b111] type 00 class 0x010802
[   10.549791] pci 30d0:00:00.0: reg 0x10: [mem 0x10010068000-0x1001006bfff 64bit]
[   10.554943] pci 30d0:00:00.0: reg 0x20: [mem 0x10010060000-0x10010067fff 64bit]
[   10.574638] pci_bus 30d0:00: busn_res: [bus 00-ff] end is updated to 00
[   10.578246] pci 30d0:00:00.0: BAR 4: assigned [mem 0x10010060000-0x10010067fff 64bit]
[   10.582878] pci 30d0:00:00.0: BAR 0: assigned [mem 0x10010068000-0x1001006bfff 64bit]
[   10.587702] hv_pci c91da9d1-c245-444e-a07a-4986dc5d5b2f: PCI VMBus probing: Using version 0x10004
[   10.594816] hv_pci c91da9d1-c245-444e-a07a-4986dc5d5b2f: PCI host bridge to bus c245:00
[   10.599042] pci_bus c245:00: root bus resource [mem 0x10010070000-0x1001007bfff window]
[   10.603215] pci_bus c245:00: No busn resource found for root bus, will use [bus 00-ff]
[   10.608582] pci c245:00:00.0: [1414:b111] type 00 class 0x010802
[   10.612815] pci c245:00:00.0: reg 0x10: [mem 0x10010078000-0x1001007bfff 64bit]
[   10.618058] pci c245:00:00.0: reg 0x20: [mem 0x10010070000-0x10010077fff 64bit]
[   10.637794] pci_bus c245:00: busn_res: [bus 00-ff] end is updated to 00
[   10.641345] pci c245:00:00.0: BAR 4: assigned [mem 0x10010070000-0x10010077fff 64bit]
[   10.645986] pci c245:00:00.0: BAR 0: assigned [mem 0x10010078000-0x1001007bfff 64bit]
[   10.655875] Serial: 8250/16550 driver, 32 ports, IRQ sharing enabled
[   10.685295] 00:00: ttyS0 at I/O 0x3f8 (irq = 4, base_baud = 115200) is a 16550A
[   10.715442] 00:01: ttyS1 at I/O 0x2f8 (irq = 3, base_baud = 115200) is a 16550A
[   10.721464] Linux agpgart interface v0.103
[   10.752160] loop: module loaded
[   10.754027] hv_vmbus: registering driver hv_storvsc
[   10.757157] nvme nvme0: pci function 8eab:00:00.0
[   10.760293] nvme 8eab:00:00.0: enabling device (0404 -> 0406)
[   10.760413] nvme nvme1: pci function 19f1:00:00.0
[   10.762176] scsi host1: storvsc_host_t
[   10.762194] scsi host0: storvsc_host_t
[   10.770969] nvme nvme2: pci function fc50:00:00.0
[   10.773831] nvme nvme3: pci function 341e:00:00.0
[   10.774258] nvme 19f1:00:00.0: enabling device (0404 -> 0406)
[   10.774401] nvme fc50:00:00.0: enabling device (0404 -> 0406)
[   10.777009] nvme 341e:00:00.0: enabling device (0404 -> 0406)
[   10.788417] nvme nvme4: pci function 3089:00:00.0
[   10.791554] nvme nvme5: pci function 4564:00:00.0
[   10.791888] nvme 3089:00:00.0: enabling device (0404 -> 0406)
[   10.798198] nvme nvme6: pci function 30d0:00:00.0
[   10.801374] nvme 4564:00:00.0: enabling device (0404 -> 0406)
[   10.802429] nvme 30d0:00:00.0: enabling device (0404 -> 0406)
[   10.809663] nvme nvme7: pci function c245:00:00.0
[   10.810059] nvme nvme0: Shutdown timeout set to 8 seconds
[   10.812876] tun: Universal TUN/TAP device driver, 1.6
[   10.814355] nvme c245:00:00.0: enabling device (0404 -> 0406)
[   10.822611] PPP generic driver version 2.4.2
[   10.825133] VFIO - User Level meta-driver version: 0.3
[   10.828903] i8042: PNP: No PS/2 controller found.
[   10.831656] nvme nvme2: Shutdown timeout set to 8 seconds
[   10.832345] mousedev: PS/2 mouse device common for all mice
[   10.840351] nvme nvme1: Shutdown timeout set to 8 seconds
[   10.840383] nvme nvme3: Shutdown timeout set to 8 seconds
[   10.842048] rtc_cmos 00:02: registered as rtc0
[   10.842468] rtc_cmos 00:02: setting system clock to 2025-05-09T18:12:15 UTC (1746814335)
[   10.842648] rtc_cmos 00:02: alarms up to one month, 114 bytes nvram
[   10.842691] device-mapper: core: CONFIG_IMA_DISABLE_HTABLE is disabled. Duplicate IMA measurements will not be recorded in the IMA log.
[   10.842762] device-mapper: uevent: version 1.0.3
[   10.842863] device-mapper: ioctl: 4.45.0-ioctl (2021-03-22) initialised: dm-devel@redhat.com
[   10.842897] platform eisa.0: Probing EISA bus 0
[   10.842924] platform eisa.0: EISA: Detected 0 cards
[   10.842953] EFI Variables Facility v0.08 2004-May-17
[   10.847388] nvme nvme5: Shutdown timeout set to 8 seconds
[   10.847593] nvme nvme6: Shutdown timeout set to 8 seconds
[   10.848103] hv_utils: Registering HyperV Utility Driver
[   10.848106] hv_vmbus: registering driver hv_utils
[   10.848148] hv_vmbus: registering driver hv_balloon
[   10.848255] drop_monitor: Initializing network drop monitor service
[   10.848487] hv_utils: Heartbeat IC version 3.0
[   10.848625] hv_utils: Shutdown IC version 3.2
[   10.848664] NET: Registered PF_INET6 protocol family
[   10.848778] hv_balloon: Using Dynamic Memory protocol version 2.0
[   10.848817] hv_utils: TimeSync IC version 4.0
[   10.850674] Segment Routing with IPv6
[   10.863669] nvme nvme7: Shutdown timeout set to 8 seconds
[   10.863712] nvme nvme4: Shutdown timeout set to 8 seconds
[   10.866010] In-situ OAM (IOAM) with IPv6
[   10.929635] NET: Registered PF_PACKET protocol family
[   10.933421] Key type dns_resolver registered
[   10.949166] IPI shorthand broadcast: enabled
[   10.951651] sched_clock: Marking stable (10909784905, 41835500)->(11202515400, -250894995)
[   10.962878] registered taskstats version 1
[   10.970516] Loading compiled-in X.509 certificates
[   10.971079] scsi 0:0:0:0: Direct-Access     Msft     Virtual Disk     1.0  PQ: 0 ANSI: 5
[   10.974071] Loaded X.509 cert 'Build time autogenerated kernel key: 98f7424e65905238ecae8c75424c2dccc3a068ec'
[   10.978637] scsi 0:0:0:1: Direct-Access     Msft     Virtual Disk     1.0  PQ: 0 ANSI: 5
[   10.983757] Loaded X.509 cert 'Canonical Ltd. Live Patch Signing: 14df34d1a87cf37625abec039ef2bf521249b969'
[   10.988153] scsi 0:0:0:2: CD-ROM            Msft     Virtual DVD-ROM  1.0  PQ: 0 ANSI: 0
[   10.993392] Loaded X.509 cert 'Canonical Ltd. Kernel Module Signing: 88f752e560a1e0737e31163a466ad7b70a850c19'
[   11.002319] blacklist: Loading compiled-in revocation X.509 certificates
[   11.005782] Loaded X.509 cert 'Canonical Ltd. Secure Boot Signing: 61482aa2830d0ab2ad5af10b7250da9033ddcef0'
[   11.011270] Loaded X.509 cert 'Canonical Ltd. Secure Boot Signing (2017): 242ade75ac4a15e50d50c84b0d45ff3eae707a03'
[   11.016741] Loaded X.509 cert 'Canonical Ltd. Secure Boot Signing (ESM 2018): 365188c1d374d6b07c3c8f240f8ef722433d6a8b'
[   11.022704] Loaded X.509 cert 'Canonical Ltd. Secure Boot Signing (2019): c0746fd6c5da3ae827864651ad66ae47fe24b3e8'
[   11.028028] Loaded X.509 cert 'Canonical Ltd. Secure Boot Signing (2021 v1): a8d54bbb3825cfb94fa13c9f8a594a195c107b8d'
[   11.033688] Loaded X.509 cert 'Canonical Ltd. Secure Boot Signing (2021 v2): 4cf046892d6fd3c9a5b03f98d845f90851dc6a8c'
[   11.039563] Loaded X.509 cert 'Canonical Ltd. Secure Boot Signing (2021 v3): 100437bb6de6e469b581e61cd66bce3ef4ed53af'
[   11.045114] Loaded X.509 cert 'Canonical Ltd. Secure Boot Signing (Ubuntu Core 2019): c1d57b8f6b743f23ee41f4f7ee292f06eecadfb9'
[   11.053942] zswap: loaded using pool lzo/zbud
[   11.071840] Key type .fscrypt registered
[   11.073938] Key type fscrypt-provisioning registered
[   11.077209] Key type encrypted registered
[   11.079346] AppArmor: AppArmor sha1 policy hashing enabled
[   11.082869] integrity: Loading X.509 certificate: UEFI:db
[   11.085724] integrity: Loaded X.509 cert 'Microsoft Windows Production PCA 2011: a92902398e16c49778cd90f99e4f9ae17c55af53'
[   11.092596] integrity: Loading X.509 certificate: UEFI:MokListRT (MOKvar table)
[   11.096802] integrity: Loaded X.509 cert 'Canonical Ltd. Master Certificate Authority: ad91990bc22ab1f517048c23b6655a268e345a63'
[   11.103088] ima: No TPM chip found, activating TPM-bypass!
[   11.106021] Loading compiled-in module X.509 certificates
[   11.109316] Loaded X.509 cert 'Build time autogenerated kernel key: 98f7424e65905238ecae8c75424c2dccc3a068ec'
[   11.114623] ima: Allocated hash algorithm: sha1
[   11.117016] ima: No architecture policies found
[   11.119735] evm: Initialising EVM extended attributes:
[   11.122484] evm: security.selinux
[   11.124205] evm: security.SMACK64
[   11.125923] evm: security.SMACK64EXEC
[   11.127805] evm: security.SMACK64TRANSMUTE
[   11.129923] evm: security.SMACK64MMAP
[   11.131836] evm: security.apparmor
[   11.134092] evm: security.ima
[   11.135732] evm: security.capability
[   11.137611] evm: HMAC attrs: 0x1
[   11.139844] PM:   Magic number: 9:746:240
[   11.142375] memory memory799: hash matches
[   11.144794] memory memory118: hash matches
[   11.149213] RAS: Correctable Errors collector initialized.
[   11.150339] sd 0:0:0:0: Attached scsi generic sg0 type 0
[   11.150769] sd 0:0:0:0: [sda] 2147483648 512-byte logical blocks: (1.10 TB/1.00 TiB)
[   11.150774] sd 0:0:0:0: [sda] 4096-byte physical blocks
[   11.150821] sd 0:0:0:0: [sda] Write Protect is off
[   11.150824] sd 0:0:0:0: [sda] Mode Sense: 0f 00 10 00
[   11.150909] sd 0:0:0:0: [sda] Write cache: disabled, read cache: enabled, supports DPO and FUA
[   11.152553] clk: Disabling unused clocks
[   11.155490] sd 0:0:0:1: Attached scsi generic sg1 type 0
[   11.155911] sd 0:0:0:1: [sdb] 6081740800 512-byte logical blocks: (3.11 TB/2.83 TiB)
[   11.155916] sd 0:0:0:1: [sdb] 4096-byte physical blocks
[   11.155958] sd 0:0:0:1: [sdb] Write Protect is off
[   11.155961] sd 0:0:0:1: [sdb] Mode Sense: 0f 00 10 00
[   11.156054] sd 0:0:0:1: [sdb] Write cache: disabled, read cache: enabled, supports DPO and FUA
[   11.156498] GPT:Primary header thinks Alt. header is not at the end of the disk.
[   11.156501] GPT:62916607 != 2147483647
[   11.156503] GPT:Alternate GPT header not at the end of the disk.
[   11.156504] GPT:62916607 != 2147483647
[   11.156506] GPT: Use GNU Parted to correct GPT errors.
[   11.156512]  sda: sda1 sda14 sda15
[   11.157252] sd 0:0:0:0: [sda] Attached SCSI disk
[   11.163022]  sdb: sdb1
[   11.165276] sr 0:0:0:2: [sr0] scsi-1 drive
[   11.170271] sd 0:0:0:1: [sdb] Attached SCSI disk
[   11.171767] cdrom: Uniform CD-ROM driver Revision: 3.20
[   11.221203] sr 0:0:0:2: Attached scsi CD-ROM sr0
[   11.221288] sr 0:0:0:2: Attached scsi generic sg2 type 5
[   11.582048] nvme nvme7: 32/0/0 default/read/poll queues
[   11.667031] nvme nvme3: 32/0/0 default/read/poll queues
[   11.692541] nvme nvme0: 32/0/0 default/read/poll queues
[   11.708661] nvme nvme4: 32/0/0 default/read/poll queues
[   11.725027] nvme nvme6: 32/0/0 default/read/poll queues
[   11.757157] nvme nvme1: 32/0/0 default/read/poll queues
[   11.757310] nvme nvme2: 32/0/0 default/read/poll queues
[   11.767479] nvme nvme5: 32/0/0 default/read/poll queues
[   11.808738] md: Waiting for all devices to be available before autodetect
[   11.812332] md: If you don't use raid, use raid=noautodetect
[   11.815313] md: Autodetecting RAID arrays.
[   11.817546] md: autorun ...
[   11.819060] md: ... autorun DONE.
[   11.823234] EXT4-fs (sda1): mounted filesystem with ordered data mode. Opts: (null). Quota mode: none.
[   11.828241] VFS: Mounted root (ext4 filesystem) readonly on device 8:1.
[   11.831805] devtmpfs: mounted
[   11.836965] Freeing unused decrypted memory: 2036K
[   11.840630] Freeing unused kernel image (initmem) memory: 3100K
[   11.843780] Write protecting the kernel read-only data: 30720k
[   11.848333] Freeing unused kernel image (text/rodata gap) memory: 2036K
[   11.852685] Freeing unused kernel image (rodata/data gap) memory: 1756K
[   11.945992] x86/mm: Checked W+X mappings: passed, no W+X pages found.
[   11.949453] Run /sbin/init as init process
[   11.951628]   with arguments:
[   11.951630]     /sbin/init
[   11.951632]   with environment:
[   11.951633]     HOME=/
[   11.951635]     TERM=linux
[   11.951636]     BOOT_IMAGE=/boot/vmlinuz-5.15.0-1087-azure
[   11.992900] systemd[1]: Inserted module 'autofs4'
[   12.013876] systemd[1]: systemd 249.11-0ubuntu3.15 running in system mode (+PAM +AUDIT +SELINUX +APPARMOR +IMA +SMACK +SECCOMP +GCRYPT +GNUTLS +OPENSSL +ACL +BLKID +CURL +ELFUTILS +FIDO2 +IDN2 -IDN +IPTC +KMOD +LIBCRYPTSETUP +LIBFDISK +PCRE2 -PWQUALITY -P11KIT -QRENCODE +BZIP2 +LZ4 +XZ +ZLIB +ZSTD -XKBCOMMON +UTMP +SYSVINIT default-hierarchy=unified)
[   12.053907] systemd[1]: Detected virtualization microsoft.
[   12.056789] systemd[1]: Detected architecture x86-64.
[   12.061764] systemd[1]: Hostname set to <localhost.localdomain>.
[   12.065531] systemd[1]: Initializing machine ID from random generator.
[   12.069013] systemd[1]: Installed transient /etc/machine-id file.
[   12.220580] systemd[1]: Configuration file /run/systemd/system/netplan-ovs-cleanup.service is marked world-inaccessible. This has no effect as configuration data is accessible via APIs without restrictions. Proceeding anyway.
[   12.246766] systemd[1]: Configuration file /etc/systemd/system/sync-container-logs.service is marked world-inaccessible. This has no effect as configuration data is accessible via APIs without restrictions. Proceeding anyway.
[   12.261393] systemd[1]: Configuration file /etc/systemd/system/kubelet.service is marked world-inaccessible. This has no effect as configuration data is accessible via APIs without restrictions. Proceeding anyway.
[   12.306861] systemd[1]: Queued start job for default target Graphical Interface.
[   12.310890] systemd[1]: Unnecessary job was removed for /sys/devices/virtual/misc/vmbus!hv_fcopy.
[   12.315466] systemd[1]: Unnecessary job was removed for /sys/devices/virtual/misc/vmbus!hv_vss.
[   12.324183] systemd[1]: Created slice Slice /system/modprobe.
[   12.330538] systemd[1]: Created slice Slice /system/serial-getty.
[   12.337391] systemd[1]: Created slice Slice /system/systemd-fsck.
[   12.343752] systemd[1]: Created slice User and Session Slice.
[   12.349238] systemd[1]: Started Forward Password Requests to Wall Directory Watch.
[   12.356606] systemd[1]: Set up automount Arbitrary Executable File Formats File System Automount Point.
[   12.364583] systemd[1]: Reached target ceph target allowing to start/stop all ceph*@.service instances at once.
[   12.372877] systemd[1]: Reached target Slice Units.
[   12.377499] systemd[1]: Reached target Swaps.
[   12.381823] systemd[1]: Reached target System Time Set.
[   12.386827] systemd[1]: Reached target Local Verity Protected Volumes.
[   12.392976] systemd[1]: Listening on Device-mapper event daemon FIFOs.
[   12.399275] systemd[1]: Listening on LVM2 poll daemon socket.
[   12.404867] systemd[1]: Listening on multipathd control socket.
[   12.410531] systemd[1]: Listening on Syslog Socket.
[   12.415260] systemd[1]: Listening on fsck to fsckd communication Socket.
[   12.421522] systemd[1]: Listening on initctl Compatibility Named Pipe.
[   12.427939] systemd[1]: Listening on Journal Audit Socket.
[   12.433175] systemd[1]: Listening on Journal Socket (/dev/log).
[   12.438844] systemd[1]: Listening on Journal Socket.
[   12.443703] systemd[1]: Listening on Network Service Netlink Socket.
[   12.449737] systemd[1]: Listening on udev Control Socket.
[   12.454907] systemd[1]: Listening on udev Kernel Socket.
[   12.461351] systemd[1]: Mounting Huge Pages File System...
[   12.467408] systemd[1]: Mounting POSIX Message Queue File System...
[   12.474142] systemd[1]: Mounting Kernel Debug File System...
[   12.480442] systemd[1]: Mounting Kernel Trace File System...
[   12.490779] systemd[1]: Starting Journal Service...
[   12.495483] systemd[1]: Condition check resulted in Kernel Module supporting RPCSEC_GSS being skipped.
[   12.502183] systemd[1]: Starting Set the console keyboard layout...
[   12.509325] systemd[1]: Starting Create List of Static Device Nodes...
[   12.516788] systemd[1]: Starting Monitoring of LVM2 mirrors, snapshots etc. using dmeventd or progress polling...
[   12.525172] systemd[1]: Condition check resulted in LXD - agent being skipped.
[   12.529980] systemd[1]: Starting Load Kernel Module configfs...
[   12.537056] systemd[1]: Starting Load Kernel Module drm...
[   12.542996] systemd[1]: Starting Load Kernel Module efi_pstore...
[   12.549858] systemd[1]: Starting Load Kernel Module fuse...
[   12.554981] systemd[1]: Condition check resulted in OpenVSwitch configuration for cleanup being skipped.
[   12.561388] systemd[1]: Starting File System Check on Root Device...
[   12.566143] pstore: Using crash dump compression: deflate
[   12.569219] pstore: Registered efi as persistent store backend
[   12.575311] systemd[1]: Starting Load Kernel Modules...
[   12.580562] systemd[1]: Starting Coldplug All udev Devices...
[   12.587402] systemd[1]: Mounted Huge Pages File System.
[   12.592544] systemd[1]: Mounted POSIX Message Queue File System.
[   12.598418] systemd[1]: Mounted Kernel Debug File System.
[   12.603691] systemd[1]: Mounted Kernel Trace File System.
[   12.609309] systemd[1]: Finished Set the console keyboard layout.
[   12.615522] systemd[1]: Finished Create List of Static Device Nodes.
[   12.621647] systemd[1]: modprobe@configfs.service: Deactivated successfully.
[   12.625644] systemd[1]: Finished Load Kernel Module configfs.
[   12.631163] systemd[1]: Started Journal Service.
[   12.736819] EXT4-fs (sda1): re-mounted. Opts: discard,errors=remount-ro. Quota mode: none.
[   12.750176] alua: device handler registered
[   12.750645] systemd-journald[872]: Received client request to flush runtime journal.
[   12.753960] emc: device handler registered
[   12.757356] rdac: device handler registered
[   12.962652] hv_vmbus: registering driver hyperv_keyboard
[   12.964864] hv_vmbus: registering driver hyperv_fb
[   12.965494] hv_vmbus: registering driver hv_netvsc
[   12.965530] hyperv_fb: Synthvid Version major 3, minor 5
[   12.965576] hyperv_fb: Screen resolution: 1024x768, Color depth: 32, Frame buffer size: 8388608
[   12.965798] input: AT Translated Set 2 keyboard as /devices/LNXSYSTM:00/LNXSYBUS:00/ACPI0004:00/VMBUS:00/d34b2567-b9b6-42b9-8778-0a4ec0b955bf/serio0/input/input0
[   12.969060] hid: raw HID events driver (C) Jiri Kosina
[   12.971585] Console: switching to colour frame buffer device 128x48
[   12.977223] hv_vmbus: registering driver hid_hyperv
[   12.991954] input: Microsoft Vmbus HID-compliant Mouse as /devices/0006:045E:0621.0001/input/input1
[   12.999250] hid 0006:045E:0621.0001: input: VIRTUAL HID v0.01 Mouse [Microsoft Vmbus HID-compliant Mouse] on 
[   13.023057] cryptd: max_cpu_qlen set to 1000
[   13.035745] AVX2 version of gcm_enc/dec engaged.
[   13.037463] AES CTR mode by8 optimization enabled
[   13.067655] hv_vmbus: registering driver hyperv_drm
[   13.260625] hv_utils: KVP IC version 4.0
[   13.363807] audit: type=1400 audit(1746814338.590:2): apparmor="STATUS" operation="profile_load" profile="unconfined" name="lsb_release" pid=1397 comm="apparmor_parser"
[   13.364333] audit: type=1400 audit(1746814338.590:3): apparmor="STATUS" operation="profile_load" profile="unconfined" name="/usr/bin/man" pid=1402 comm="apparmor_parser"
[   13.364339] audit: type=1400 audit(1746814338.590:4): apparmor="STATUS" operation="profile_load" profile="unconfined" name="man_filter" pid=1402 comm="apparmor_parser"
[   13.364345] audit: type=1400 audit(1746814338.590:5): apparmor="STATUS" operation="profile_load" profile="unconfined" name="man_groff" pid=1402 comm="apparmor_parser"
[   13.364413] audit: type=1400 audit(1746814338.590:6): apparmor="STATUS" operation="profile_load" profile="unconfined" name="nvidia_modprobe" pid=1398 comm="apparmor_parser"
[   13.364418] audit: type=1400 audit(1746814338.590:7): apparmor="STATUS" operation="profile_load" profile="unconfined" name="nvidia_modprobe//kmod" pid=1398 comm="apparmor_parser"
[   13.365542] audit: type=1400 audit(1746814338.590:8): apparmor="STATUS" operation="profile_load" profile="unconfined" name="/usr/sbin/chronyd" pid=1404 comm="apparmor_parser"
[   13.366547] audit: type=1400 audit(1746814338.594:9): apparmor="STATUS" operation="profile_load" profile="unconfined" name="ubuntu_pro_apt_news" pid=1400 comm="apparmor_parser"
[   13.369246] audit: type=1400 audit(1746814338.594:10): apparmor="STATUS" operation="profile_load" profile="unconfined" name="tcpdump" pid=1403 comm="apparmor_parser"
[   13.370982] audit: type=1400 audit(1746814338.598:11): apparmor="STATUS" operation="profile_load" profile="unconfined" name="/usr/lib/NetworkManager/nm-dhcp-client.action" pid=1399 comm="apparmor_parser"
[   13.597109] UDF-fs: INFO Mounting volume 'UDF Volume', timestamp 2025/05/10 00:00 (1000)
[   13.782347] hv_netvsc 002248ac-6c4a-0022-48ac-6c4a002248ac eth0: VF slot 1 added
[   13.783481] RPC: Registered named UNIX socket transport module.
[   13.783485] RPC: Registered udp transport module.
[   13.783487] RPC: Registered tcp transport module.
[   13.783488] RPC: Registered tcp NFSv4.1 backchannel transport module.
[   13.784090] hv_pci 3db40a3b-d09b-45ea-afaa-68612c7f97ca: PCI VMBus probing: Using version 0x10004
[   13.785526] hv_pci 3db40a3b-d09b-45ea-afaa-68612c7f97ca: PCI host bridge to bus d09b:00
[   13.785531] pci_bus d09b:00: root bus resource [mem 0x10010100000-0x100101fffff window]
[   13.785534] pci_bus d09b:00: No busn resource found for root bus, will use [bus 00-ff]
[   13.787253] pci d09b:00:02.0: [15b3:1016] type 00 class 0x020000
[   13.789656] pci d09b:00:02.0: reg 0x10: [mem 0x10010100000-0x100101fffff 64bit pref]
[   13.794668] pci d09b:00:02.0: enabling Extended Tags
[   13.801809] pci d09b:00:02.0: 0.000 Gb/s available PCIe bandwidth, limited by Unknown x0 link at d09b:00:02.0 (capable of 63.008 Gb/s with 8.0 GT/s PCIe x8 link)
[   13.807973] pci_bus d09b:00: busn_res: [bus 00-ff] end is updated to 00
[   13.807983] pci d09b:00:02.0: BAR 0: assigned [mem 0x10010100000-0x100101fffff 64bit pref]
[   13.941619] mlx5_core 0101:00:00.0: enabling device (0000 -> 0002)
[   13.944723] mlx5_core 0101:00:00.0: firmware version: 20.31.1754
[   14.121554] mlx5_core 0102:00:00.0: enabling device (0000 -> 0002)
[   14.124387] mlx5_core 0102:00:00.0: firmware version: 20.31.1754
[   14.293053] mlx5_core 0103:00:00.0: enabling device (0000 -> 0002)
[   14.296068] mlx5_core 0103:00:00.0: firmware version: 20.31.1754
[   14.471953] mlx5_core 0104:00:00.0: enabling device (0000 -> 0002)
[   14.474653] mlx5_core 0104:00:00.0: firmware version: 20.31.1754
[   14.643023] mlx5_core 0105:00:00.0: enabling device (0000 -> 0002)
[   14.645749] mlx5_core 0105:00:00.0: firmware version: 20.31.1754
[   14.821633] mlx5_core 0106:00:00.0: enabling device (0000 -> 0002)
[   14.824466] mlx5_core 0106:00:00.0: firmware version: 20.31.1754
[   14.995433] mlx5_core 0107:00:00.0: enabling device (0000 -> 0002)
[   14.998374] mlx5_core 0107:00:00.0: firmware version: 20.31.1754
[   15.167477] mlx5_core 0108:00:00.0: enabling device (0000 -> 0002)
[   15.170320] mlx5_core 0108:00:00.0: firmware version: 20.31.1754
[   15.348763] mlx5_core d09b:00:02.0: enabling device (0000 -> 0002)
[   15.351667] mlx5_core d09b:00:02.0: firmware version: 14.30.5000
[   15.533510] mlx5_core d09b:00:02.0: MLX5E: StrdRq(0) RqSz(1024) StrdSz(256) RxCqeCmprss(0)
[   15.631405] mlx5_core d09b:00:02.0: Supported tc offload range - chains: 1, prios: 1
[   15.631411] mlx5_core d09b:00:02.0: mlx5e_tc_post_act_init:40:(pid 500): firmware level support is missing
[   15.631415] mlx5_core d09b:00:02.0: mlx5_tc_ct_init:2088:(pid 500): tc ct offload not supported, tc ct offload not supported, post action is missing
[   15.634266] hv_netvsc 002248ac-6c4a-0022-48ac-6c4a002248ac eth0: VF registering: eth1
[   15.634338] mlx5_core d09b:00:02.0 eth1: joined to eth0
[   15.645637] mlx5_core d09b:00:02.0 enP53403s1: renamed from eth1
[   16.506328] mlx5_core d09b:00:02.0 enP53403s1: Link up
[   16.548764] hv_netvsc 002248ac-6c4a-0022-48ac-6c4a002248ac eth0: Data path switched to VF: enP53403s1
[   16.550191] IPv6: ADDRCONF(NETDEV_CHANGE): eth0: link becomes ready
[   16.596889] IPv4: martian source 255.255.255.255 from 168.63.129.16, on dev eth0
[   16.596917] ll header: 00000000: 00 22 48 ac 6c 4a 12 34 56 78 9a bc 08 00
[   16.612930] IPv4: martian source 255.255.255.255 from 168.63.129.16, on dev eth0
[   16.612942] ll header: 00000000: 00 22 48 ac 6c 4a 12 34 56 78 9a bc 08 00
[   16.972632] hv_netvsc 002248ac-6c4a-0022-48ac-6c4a002248ac eth0: Data path switched from VF: enP53403s1
[   17.769136] mlx5_core d09b:00:02.0 enP53403s1: Link up
[   17.795348] hv_netvsc 002248ac-6c4a-0022-48ac-6c4a002248ac eth0: Data path switched to VF: enP53403s1
[   17.828278] IPv4: martian source 255.255.255.255 from 168.63.129.16, on dev eth0
[   17.828307] ll header: 00000000: 00 22 48 ac 6c 4a 12 34 56 78 9a bc 08 00
[   17.843996] IPv4: martian source 255.255.255.255 from 168.63.129.16, on dev eth0
[   17.844013] ll header: 00000000: 00 22 48 ac 6c 4a 12 34 56 78 9a bc 08 00
[   19.638054] hv_storvsc f8b3781a-1e82-4818-a1c3-63d806ec15bb: tag#4181 cmd 0x28 status: scsi 0x2 srb 0x84 hv 0xc0000001
[   19.638086] sr 0:0:0:2: [sr0] tag#4181 FAILED Result: hostbyte=DID_OK driverbyte=DRIVER_OK cmd_age=0s
[   19.638096] sr 0:0:0:2: [sr0] tag#4181 Sense Key : Not Ready [current] 
[   19.638105] sr 0:0:0:2: [sr0] tag#4181 Add. Sense: Medium not present - tray open
[   19.638113] sr 0:0:0:2: [sr0] tag#4181 CDB: Read(10) 28 00 00 00 00 02 00 00 02 00
[   19.638119] blk_update_request: I/O error, dev sr0, sector 8 op 0x0:(READ) flags 0x80700 phys_seg 1 prio class 0
[   19.644161] hv_storvsc f8b3781a-1e82-4818-a1c3-63d806ec15bb: tag#4182 cmd 0x28 status: scsi 0x2 srb 0x84 hv 0xc0000001
[   19.644179] sr 0:0:0:2: [sr0] tag#4182 FAILED Result: hostbyte=DID_OK driverbyte=DRIVER_OK cmd_age=0s
[   19.644187] sr 0:0:0:2: [sr0] tag#4182 Sense Key : Not Ready [current] 
[   19.644196] sr 0:0:0:2: [sr0] tag#4182 Add. Sense: Medium not present - tray open
[   19.644204] sr 0:0:0:2: [sr0] tag#4182 CDB: Read(10) 28 00 00 00 00 02 00 00 01 00
[   19.644210] blk_update_request: I/O error, dev sr0, sector 8 op 0x0:(READ) flags 0x0 phys_seg 1 prio class 0
[   19.649900] Buffer I/O error on dev sr0, logical block 2, async page read
[   19.653808] hv_storvsc f8b3781a-1e82-4818-a1c3-63d806ec15bb: tag#4183 cmd 0x28 status: scsi 0x2 srb 0x84 hv 0xc0000001
[   19.653818] sr 0:0:0:2: [sr0] tag#4183 FAILED Result: hostbyte=DID_OK driverbyte=DRIVER_OK cmd_age=0s
[   19.653827] sr 0:0:0:2: [sr0] tag#4183 Sense Key : Not Ready [current] 
[   19.653835] sr 0:0:0:2: [sr0] tag#4183 Add. Sense: Medium not present - tray open
[   19.653842] sr 0:0:0:2: [sr0] tag#4183 CDB: Read(10) 28 00 00 00 00 03 00 00 01 00
[   19.653849] blk_update_request: I/O error, dev sr0, sector 12 op 0x0:(READ) flags 0x0 phys_seg 1 prio class 0
[   19.659523] Buffer I/O error on dev sr0, logical block 3, async page read
[   20.503957] EXT4-fs (sda1): resizing filesystem from 7836155 to 268407035 blocks
[   30.506494] EXT4-fs (sda1): resized to 102236160 blocks
[   40.536159] EXT4-fs (sda1): resized to 190316544 blocks
[   49.274418] EXT4-fs (sda1): resized filesystem to 268407035
[   49.328506]  sdb: sdb1
[   50.070132] EXT4-fs (sdb1): mounted filesystem with ordered data mode. Opts: (null). Quota mode: none.
[   58.933718] hv_balloon: Max. dynamic memory size: 1843200 MB
[   62.327776] bridge: filtering via arp/ip/ip6tables is no longer available by default. Update your scripts to load br_netfilter if you need this.
[   62.345110] Bridge firewalling registered
[   73.941765] kauditd_printk_skb: 14 callbacks suppressed
[   73.941769] audit: type=1400 audit(1746814399.167:26): apparmor="STATUS" operation="profile_load" profile="unconfined" name="cri-containerd.apparmor.d" pid=6148 comm="apparmor_parser"
[   73.963510] audit: type=1400 audit(1746814399.191:27): apparmor="STATUS" operation="profile_replace" info="same as current profile, skipping" profile="unconfined" name="cri-containerd.apparmor.d" pid=6167 comm="apparmor_parser"
[   84.569456] IPv6: ADDRCONF(NETDEV_CHANGE): azv24f10a634312: link becomes ready
[   84.569682] IPv6: ADDRCONF(NETDEV_CHANGE): azv24f10a63431: link becomes ready
[   84.571079] eth0: renamed from azv24f10a634312
[  187.352263] IPv6: ADDRCONF(NETDEV_CHANGE): azv7fdc89fe7b82: link becomes ready
[  187.352434] IPv6: ADDRCONF(NETDEV_CHANGE): azv7fdc89fe7b8: link becomes ready
[  187.354467] eth0: renamed from azv7fdc89fe7b82
[  187.520920] IPv6: ADDRCONF(NETDEV_CHANGE): azv590da071f2b: link becomes ready
[  187.522105] eth0: renamed from azv590da071f2b2
[  328.614017] hv_netvsc 002248ac-6c4a-0022-48ac-6c4a002248ac eth0: Data path switched from VF: enP53403s1
[  328.759370] hv_netvsc 002248ac-6c4a-0022-48ac-6c4a002248ac eth0: VF unregistering: enP53403s1
[  342.906116] mlx_compat: loading out-of-tree module taints kernel.
[  342.906167] mlx_compat: module verification failed: signature and/or required key missing - tainting kernel
[  342.908152] Compat-mlnx-ofed backport release: f5ad9dd
[  342.908154] Backport based on https://:@git-nbu.nvidia.com/r/a/mlnx_ofed/mlnx-ofa_kernel-4.0.git f5ad9dd
[  342.908155] compat.git: https://:@git-nbu.nvidia.com/r/a/mlnx_ofed/mlnx-ofa_kernel-4.0.git
[  342.995844] mlx5_core 0101:00:00.0: firmware version: 20.31.1754
[  343.162323] mlx5_core 0102:00:00.0: firmware version: 20.31.1754
[  343.326766] mlx5_core 0103:00:00.0: firmware version: 20.31.1754
[  343.491564] mlx5_core 0104:00:00.0: firmware version: 20.31.1754
[  343.657752] mlx5_core 0105:00:00.0: firmware version: 20.31.1754
[  343.832090] mlx5_core 0106:00:00.0: firmware version: 20.31.1754
[  343.997092] mlx5_core 0107:00:00.0: firmware version: 20.31.1754
[  344.162230] mlx5_core 0108:00:00.0: firmware version: 20.31.1754
[  344.327860] mlx5_core d09b:00:02.0: firmware version: 14.30.5000
[  344.491205] mlx5_core d09b:00:02.0: MLX5E: StrdRq(0) RqSz(1024) StrdSz(256) RxCqeCmprss(0 basic)
[  344.576219] hv_netvsc 002248ac-6c4a-0022-48ac-6c4a002248ac eth0: VF registering: eth1
[  344.576315] mlx5_core d09b:00:02.0 eth1: joined to eth0
[  344.585444] mlx5_ib: disagrees about version of symbol mlx5_eswitch_add_send_to_vport_rule
[  344.585451] mlx5_ib: Unknown symbol mlx5_eswitch_add_send_to_vport_rule (err -22)
[  344.585471] mlx5_ib: disagrees about version of symbol mlx5_modify_header_alloc
[  344.585473] mlx5_ib: Unknown symbol mlx5_modify_header_alloc (err -22)
[  344.585484] mlx5_ib: disagrees about version of symbol mlx5_dm_sw_icm_dealloc
[  344.585486] mlx5_ib: Unknown symbol mlx5_dm_sw_icm_dealloc (err -22)
[  344.585533] mlx5_ib: disagrees about version of symbol ib_umem_release
[  344.585537] mlx5_ib: Unknown symbol ib_umem_release (err -22)
[  344.585548] mlx5_ib: disagrees about version of symbol mlx5_db_free
[  344.585550] mlx5_ib: Unknown symbol mlx5_db_free (err -22)
[  344.585570] mlx5_ib: disagrees about version of symbol mlx5_core_destroy_mkey
[  344.585573] mlx5_ib: Unknown symbol mlx5_core_destroy_mkey (err -22)
[  344.585584] mlx5_ib: disagrees about version of symbol mlx5_eswitch_mode
[  344.585587] mlx5_ib: Unknown symbol mlx5_eswitch_mode (err -22)
[  344.585632] mlx5_ib: disagrees about version of symbol mlx5_rl_add_rate_raw
[  344.585634] mlx5_ib: Unknown symbol mlx5_rl_add_rate_raw (err -22)
[  344.585643] mlx5_ib: disagrees about version of symbol mlx5_lag_query_cong_counters
[  344.585646] mlx5_ib: Unknown symbol mlx5_lag_query_cong_counters (err -22)
[  344.585659] mlx5_ib: disagrees about version of symbol uverbs_get_flags32
[  344.585661] mlx5_ib: Unknown symbol uverbs_get_flags32 (err -22)
[  344.585671] mlx5_ib: disagrees about version of symbol mlx5_rsc_dump_cmd_create
[  344.585673] mlx5_ib: Unknown symbol mlx5_rsc_dump_cmd_create (err -22)
[  344.585682] mlx5_ib: disagrees about version of symbol uverbs_idr_class
[  344.585685] mlx5_ib: Unknown symbol uverbs_idr_class (err -22)
[  344.585704] mlx5_ib: disagrees about version of symbol mlx5_core_destroy_psv
[  344.585706] mlx5_ib: Unknown symbol mlx5_core_destroy_psv (err -22)
[  344.585743] mlx5_ib: disagrees about version of symbol mlx5_eq_enable
[  344.585746] mlx5_ib: Unknown symbol mlx5_eq_enable (err -22)
[  344.585757] mlx5_ib: disagrees about version of symbol rdma_read_gid_l2_fields
[  344.585759] mlx5_ib: Unknown symbol rdma_read_gid_l2_fields (err -22)
[  344.585777] mlx5_ib: disagrees about version of symbol __ib_alloc_pd
[  344.585779] mlx5_ib: Unknown symbol __ib_alloc_pd (err -22)
[  344.585819] mlx5_ib: disagrees about version of symbol mlx5_query_nic_vport_qkey_viol_cntr
[  344.585821] mlx5_ib: Unknown symbol mlx5_query_nic_vport_qkey_viol_cntr (err -22)
[  344.585831] mlx5_ib: disagrees about version of symbol ib_modify_qp_is_ok
[  344.585833] mlx5_ib: Unknown symbol ib_modify_qp_is_ok (err -22)
[  344.585847] mlx5_ib: disagrees about version of symbol mlx5_nic_vport_update_local_lb
[  344.585849] mlx5_ib: Unknown symbol mlx5_nic_vport_update_local_lb (err -22)
[  344.585879] mlx5_ib: disagrees about version of symbol uverbs_uobject_fd_release
[  344.585880] mlx5_ib: Unknown symbol uverbs_uobject_fd_release (err -22)
[  344.585897] mlx5_ib: disagrees about version of symbol mlx5_core_create_psv
[  344.585899] mlx5_ib: Unknown symbol mlx5_core_create_psv (err -22)
[  344.585908] mlx5_ib: disagrees about version of symbol ib_umem_find_best_pgsz
[  344.585910] mlx5_ib: Unknown symbol ib_umem_find_best_pgsz (err -22)
[  344.585918] mlx5_ib: disagrees about version of symbol mlx5_core_modify_hca_vport_context
[  344.585920] mlx5_ib: Unknown symbol mlx5_core_modify_hca_vport_context (err -22)
[  344.585933] mlx5_ib: disagrees about version of symbol mlx5_rl_add_rate
[  344.585935] mlx5_ib: Unknown symbol mlx5_rl_add_rate (err -22)
[  344.585943] mlx5_ib: disagrees about version of symbol mlx5_eq_update_ci
[  344.585944] mlx5_ib: Unknown symbol mlx5_eq_update_ci (err -22)
[  344.585953] mlx5_ib: disagrees about version of symbol mlx5_create_auto_grouped_flow_table
[  344.585955] mlx5_ib: Unknown symbol mlx5_create_auto_grouped_flow_table (err -22)
[  344.585963] mlx5_ib: disagrees about version of symbol mlx5_core_create_mkey
[  344.585964] mlx5_ib: Unknown symbol mlx5_core_create_mkey (err -22)
[  344.585978] mlx5_ib: disagrees about version of symbol mlx5_debug_qp_add
[  344.585980] mlx5_ib: Unknown symbol mlx5_debug_qp_add (err -22)
[  344.585989] mlx5_ib: disagrees about version of symbol ib_sg_to_pages
[  344.585990] mlx5_ib: Unknown symbol ib_sg_to_pages (err -22)
[  344.586016] mlx5_ib: disagrees about version of symbol mlx5_fc_create
[  344.586017] mlx5_ib: Unknown symbol mlx5_fc_create (err -22)
[  344.586025] mlx5_ib: disagrees about version of symbol mlx5_core_create_rqt
[  344.586027] mlx5_ib: Unknown symbol mlx5_core_create_rqt (err -22)
[  344.586035] mlx5_ib: disagrees about version of symbol mlx5_query_hca_vport_node_guid
[  344.586036] mlx5_ib: Unknown symbol mlx5_query_hca_vport_node_guid (err -22)
[  344.586044] mlx5_ib: disagrees about version of symbol mlx5_core_query_vendor_id
[  344.586046] mlx5_ib: Unknown symbol mlx5_core_query_vendor_id (err -22)
[  344.586053] mlx5_ib: disagrees about version of symbol mlx5_modify_header_dealloc
[  344.586054] mlx5_ib: Unknown symbol mlx5_modify_header_dealloc (err -22)
[  344.586068] mlx5_ib: disagrees about version of symbol ib_umem_odp_alloc_child
[  344.586070] mlx5_ib: Unknown symbol ib_umem_odp_alloc_child (err -22)
[  344.586111] mlx5_ib: Unknown symbol mlx5_db_alloc (err -2)
[  344.586124] mlx5_ib: disagrees about version of symbol ib_process_cq_direct
[  344.586126] mlx5_ib: Unknown symbol ib_process_cq_direct (err -22)
[  344.586155] mlx5_ib: disagrees about version of symbol uverbs_finalize_uobj_create
[  344.586157] mlx5_ib: Unknown symbol uverbs_finalize_uobj_create (err -22)
[  344.586171] mlx5_ib: disagrees about version of symbol mlx5_eswitch_get_encap_mode
[  344.586173] mlx5_ib: Unknown symbol mlx5_eswitch_get_encap_mode (err -22)
[  344.586180] mlx5_ib: disagrees about version of symbol mlx5_rsc_dump_next
[  344.586183] mlx5_ib: Unknown symbol mlx5_rsc_dump_next (err -22)
[  344.586191] mlx5_ib: disagrees about version of symbol ib_query_qp
[  344.586193] mlx5_ib: Unknown symbol ib_query_qp (err -22)
[  344.586202] mlx5_ib: disagrees about version of symbol _ib_alloc_device
[  344.586204] mlx5_ib: Unknown symbol _ib_alloc_device (err -22)
[  344.586228] mlx5_ib: disagrees about version of symbol flow_resources_alloc
[  344.586230] mlx5_ib: Unknown symbol flow_resources_alloc (err -22)
[  344.586252] mlx5_ib: disagrees about version of symbol mlx5_core_query_rq
[  344.586253] mlx5_ib: Unknown symbol mlx5_core_query_rq (err -22)
[  344.586265] mlx5_ib: disagrees about version of symbol mlx5_packet_reformat_dealloc
[  344.586267] mlx5_ib: Unknown symbol mlx5_packet_reformat_dealloc (err -22)
[  344.586286] mlx5_ib: disagrees about version of symbol ib_umem_odp_alloc_implicit
[  344.586288] mlx5_ib: Unknown symbol ib_umem_odp_alloc_implicit (err -22)
[  344.586302] mlx5_ib: disagrees about version of symbol ib_destroy_srq_user
[  344.586304] mlx5_ib: Unknown symbol ib_destroy_srq_user (err -22)
[  344.586318] mlx5_ib: disagrees about version of symbol ib_unregister_device
[  344.586321] mlx5_ib: Unknown symbol ib_unregister_device (err -22)
[  344.586330] mlx5_ib: disagrees about version of symbol ib_find_cached_pkey
[  344.586331] mlx5_ib: Unknown symbol ib_find_cached_pkey (err -22)
[  344.586355] mlx5_ib: disagrees about version of symbol mlx5_cmd_exec
[  344.586356] mlx5_ib: Unknown symbol mlx5_cmd_exec (err -22)
[  344.586364] mlx5_ib: disagrees about version of symbol mlx5_eq_get_eqe
[  344.586365] mlx5_ib: Unknown symbol mlx5_eq_get_eqe (err -22)
[  344.586385] mlx5_ib: disagrees about version of symbol mlx5_rdma_rn_get_params
[  344.586387] mlx5_ib: Unknown symbol mlx5_rdma_rn_get_params (err -22)
[  344.586399] mlx5_ib: disagrees about version of symbol ib_register_device
[  344.586401] mlx5_ib: Unknown symbol ib_register_device (err -22)
[  344.586434] mlx5_ib: disagrees about version of symbol mlx5_debug_qp_remove
[  344.586436] mlx5_ib: Unknown symbol mlx5_debug_qp_remove (err -22)
[  344.586452] mlx5_ib: disagrees about version of symbol mlx5_eq_notifier_register
[  344.586454] mlx5_ib: Unknown symbol mlx5_eq_notifier_register (err -22)
[  344.586469] mlx5_ib: Unknown symbol mlx5_accel_esp_create_xfrm (err -2)
[  344.586481] mlx5_ib: disagrees about version of symbol mlx5_core_create_tis
[  344.586483] mlx5_ib: Unknown symbol mlx5_core_create_tis (err -22)
[  344.586490] mlx5_ib: disagrees about version of symbol mlx5_nic_vport_affiliate_multiport
[  344.586492] mlx5_ib: Unknown symbol mlx5_nic_vport_affiliate_multiport (err -22)
[  344.586510] mlx5_ib: disagrees about version of symbol mlx5_cmd_create_vport_lag
[  344.586512] mlx5_ib: Unknown symbol mlx5_cmd_create_vport_lag (err -22)
[  344.586523] mlx5_ib: disagrees about version of symbol mlx5_query_min_inline
[  344.586525] mlx5_ib: Unknown symbol mlx5_query_min_inline (err -22)
[  344.586540] mlx5_ib: disagrees about version of symbol mlx5_core_create_rq
[  344.586542] mlx5_ib: Unknown symbol mlx5_core_create_rq (err -22)
[  344.586548] mlx5_ib: disagrees about version of symbol mlx5_eswitch_get_vport_metadata_for_match
[  344.586550] mlx5_ib: Unknown symbol mlx5_eswitch_get_vport_metadata_for_match (err -22)
[  344.586565] mlx5_ib: disagrees about version of symbol mlx5_packet_reformat_alloc
[  344.586567] mlx5_ib: Unknown symbol mlx5_packet_reformat_alloc (err -22)
[  344.586578] mlx5_ib: disagrees about version of symbol ib_create_srq_user
[  344.586580] mlx5_ib: Unknown symbol ib_create_srq_user (err -22)
[  344.586588] mlx5_ib: disagrees about version of symbol rdma_user_mmap_entry_remove
[  344.586589] mlx5_ib: Unknown symbol rdma_user_mmap_entry_remove (err -22)
[  344.586597] mlx5_ib: disagrees about version of symbol _uverbs_get_const_unsigned
[  344.586599] mlx5_ib: Unknown symbol _uverbs_get_const_unsigned (err -22)
[  344.586606] mlx5_ib: disagrees about version of symbol ib_dispatch_event
[  344.586608] mlx5_ib: Unknown symbol ib_dispatch_event (err -22)
[  344.586622] mlx5_ib: Unknown symbol mlx5_accel_ipsec_device_caps (err -2)
[  344.586633] mlx5_ib: disagrees about version of symbol mlx5_lag_is_shared_fdb
[  344.586635] mlx5_ib: Unknown symbol mlx5_lag_is_shared_fdb (err -22)
[  344.586642] mlx5_ib: disagrees about version of symbol ib_umem_odp_release
[  344.586644] mlx5_ib: Unknown symbol ib_umem_odp_release (err -22)
[  344.586654] mlx5_ib: disagrees about version of symbol mlx5_query_nic_vport_system_image_guid
[  344.586656] mlx5_ib: Unknown symbol mlx5_query_nic_vport_system_image_guid (err -22)
[  344.586662] mlx5_ib: disagrees about version of symbol mlx5_eswitch_unregister_vport_reps
[  344.586664] mlx5_ib: Unknown symbol mlx5_eswitch_unregister_vport_reps (err -22)
[  344.586674] mlx5_ib: disagrees about version of symbol mlx5_notifier_register
[  344.586676] mlx5_ib: Unknown symbol mlx5_notifier_register (err -22)
[  344.586682] mlx5_ib: disagrees about version of symbol mlx5_core_create_cq
[  344.586685] mlx5_ib: Unknown symbol mlx5_core_create_cq (err -22)
[  344.586691] mlx5_ib: disagrees about version of symbol mlx5_dm_sw_icm_alloc
[  344.586693] mlx5_ib: Unknown symbol mlx5_dm_sw_icm_alloc (err -22)
[  344.586710] mlx5_ib: Unknown symbol mlx5_lag_get_roce_netdev (err -2)
[  344.586717] mlx5_ib: disagrees about version of symbol mlx5_add_flow_rules
[  344.586719] mlx5_ib: Unknown symbol mlx5_add_flow_rules (err -22)
[  344.586730] mlx5_ib: disagrees about version of symbol mlx5_destroy_flow_table
[  344.586731] mlx5_ib: Unknown symbol mlx5_destroy_flow_table (err -22)
[  344.586737] mlx5_ib: disagrees about version of symbol mlx5_eswitch_uplink_get_proto_dev
[  344.586739] mlx5_ib: Unknown symbol mlx5_eswitch_uplink_get_proto_dev (err -22)
[  344.586744] mlx5_ib: disagrees about version of symbol mlx5_get_flow_namespace
[  344.586746] mlx5_ib: Unknown symbol mlx5_get_flow_namespace (err -22)
[  344.586763] mlx5_ib: Unknown symbol mlx5_comp_vectors_count (err -2)
[  344.586782] mlx5_ib: disagrees about version of symbol ib_umem_odp_get
[  344.586784] mlx5_ib: Unknown symbol ib_umem_odp_get (err -22)
[  344.586794] mlx5_ib: disagrees about version of symbol mlx5_query_port_ptys
[  344.586795] mlx5_ib: Unknown symbol mlx5_query_port_ptys (err -22)
[  344.586813] mlx5_ib: disagrees about version of symbol mlx5_cmd_init_async_ctx
[  344.586815] mlx5_ib: Unknown symbol mlx5_cmd_init_async_ctx (err -22)
[  344.586821] mlx5_ib: disagrees about version of symbol mlx5_put_uars_page
[  344.586822] mlx5_ib: Unknown symbol mlx5_put_uars_page (err -22)
[  344.586828] mlx5_ib: disagrees about version of symbol mlx5_eq_create_generic
[  344.586830] mlx5_ib: Unknown symbol mlx5_eq_create_generic (err -22)
[  344.586835] mlx5_ib: disagrees about version of symbol mlx5_lag_get_slave_port
[  344.586837] mlx5_ib: Unknown symbol mlx5_lag_get_slave_port (err -22)
[  344.586846] mlx5_ib: disagrees about version of symbol mlx5_get_uars_page
[  344.586848] mlx5_ib: Unknown symbol mlx5_get_uars_page (err -22)
[  344.586855] mlx5_ib: disagrees about version of symbol ib_umem_dmabuf_map_pages
[  344.586857] mlx5_ib: Unknown symbol ib_umem_dmabuf_map_pages (err -22)
[  344.586862] mlx5_ib: disagrees about version of symbol mlx5_query_ib_port_oper
[  344.586864] mlx5_ib: Unknown symbol mlx5_query_ib_port_oper (err -22)
[  344.586870] mlx5_ib: disagrees about version of symbol ib_query_port
[  344.586872] mlx5_ib: Unknown symbol ib_query_port (err -22)
[  344.586879] mlx5_ib: disagrees about version of symbol __ib_alloc_cq
[  344.586880] mlx5_ib: Unknown symbol __ib_alloc_cq (err -22)
[  344.586887] mlx5_ib: disagrees about version of symbol mlx5_query_nic_vport_node_guid
[  344.586889] mlx5_ib: Unknown symbol mlx5_query_nic_vport_node_guid (err -22)
[  344.586906] mlx5_ib: disagrees about version of symbol mlx5_set_port_caps
[  344.586908] mlx5_ib: Unknown symbol mlx5_set_port_caps (err -22)
[  344.586915] mlx5_ib: disagrees about version of symbol rdma_user_mmap_entry_get_pgoff
[  344.586917] mlx5_ib: Unknown symbol rdma_user_mmap_entry_get_pgoff (err -22)
[  344.586922] mlx5_ib: disagrees about version of symbol mlx5_del_flow_rules
[  344.586924] mlx5_ib: Unknown symbol mlx5_del_flow_rules (err -22)
[  344.586930] mlx5_ib: disagrees about version of symbol ib_umem_odp_unmap_dma_pages
[  344.586932] mlx5_ib: Unknown symbol ib_umem_odp_unmap_dma_pages (err -22)
[  344.586942] mlx5_ib: disagrees about version of symbol mlx5_core_modify_sq
[  344.586943] mlx5_ib: Unknown symbol mlx5_core_modify_sq (err -22)
[  344.586956] mlx5_ib: disagrees about version of symbol ib_umem_dmabuf_get
[  344.586957] mlx5_ib: Unknown symbol ib_umem_dmabuf_get (err -22)
[  344.586963] mlx5_ib: disagrees about version of symbol mlx5_query_hca_vport_system_image_guid
[  344.586965] mlx5_ib: Unknown symbol mlx5_query_hca_vport_system_image_guid (err -22)
[  344.586971] mlx5_ib: disagrees about version of symbol mlx5_core_query_sq_state
[  344.586972] mlx5_ib: Unknown symbol mlx5_core_query_sq_state (err -22)
[  344.586982] mlx5_ib: disagrees about version of symbol ib_umem_stop_invalidation_notifier
[  344.586984] mlx5_ib: Unknown symbol ib_umem_stop_invalidation_notifier (err -22)
[  344.586990] mlx5_ib: disagrees about version of symbol mlx5_core_query_vport_counter
[  344.586992] mlx5_ib: Unknown symbol mlx5_core_query_vport_counter (err -22)
[  344.586997] mlx5_ib: disagrees about version of symbol ib_uverbs_get_ucontext_file
[  344.586999] mlx5_ib: Unknown symbol ib_uverbs_get_ucontext_file (err -22)
[  344.587011] mlx5_ib: disagrees about version of symbol __ib_create_cq
[  344.587013] mlx5_ib: Unknown symbol __ib_create_cq (err -22)
[  344.587022] mlx5_ib: disagrees about version of symbol mlx5_query_port_max_mtu
[  344.587024] mlx5_ib: Unknown symbol mlx5_query_port_max_mtu (err -22)
[  344.587030] mlx5_ib: disagrees about version of symbol ib_destroy_qp_user
[  344.587031] mlx5_ib: Unknown symbol ib_destroy_qp_user (err -22)
[  344.587037] mlx5_ib: disagrees about version of symbol mlx5_query_hca_vport_gid
[  344.587039] mlx5_ib: Unknown symbol mlx5_query_hca_vport_gid (err -22)
[  344.587044] mlx5_ib: disagrees about version of symbol mlx5_frag_buf_free
[  344.587046] mlx5_ib: Unknown symbol mlx5_frag_buf_free (err -22)
[  344.587051] mlx5_ib: disagrees about version of symbol mlx5_nic_vport_disable_roce
[  344.587053] mlx5_ib: Unknown symbol mlx5_nic_vport_disable_roce (err -22)
[  344.587059] mlx5_ib: disagrees about version of symbol uverbs_fd_class
[  344.587060] mlx5_ib: Unknown symbol uverbs_fd_class (err -22)
[  344.587071] mlx5_ib: disagrees about version of symbol mlx5_notifier_unregister
[  344.587073] mlx5_ib: Unknown symbol mlx5_notifier_unregister (err -22)
[  344.587084] mlx5_ib: disagrees about version of symbol mlx5_create_lag_demux_flow_table
[  344.587085] mlx5_ib: Unknown symbol mlx5_create_lag_demux_flow_table (err -22)
[  344.587099] mlx5_ib: Unknown symbol mlx5_accel_esp_modify_xfrm (err -2)
[  344.587105] mlx5_ib: disagrees about version of symbol mlx5_cmd_exec_cb
[  344.587106] mlx5_ib: Unknown symbol mlx5_cmd_exec_cb (err -22)
[  344.587118] mlx5_ib: disagrees about version of symbol mlx5_rl_remove_rate
[  344.587119] mlx5_ib: Unknown symbol mlx5_rl_remove_rate (err -22)
[  344.587138] mlx5_ib: disagrees about version of symbol mlx5_eswitch_register_vport_reps
[  344.587140] mlx5_ib: Unknown symbol mlx5_eswitch_register_vport_reps (err -22)
[  344.587150] mlx5_ib: disagrees about version of symbol mlx5_core_modify_cq
[  344.587152] mlx5_ib: Unknown symbol mlx5_core_modify_cq (err -22)
[  344.587158] mlx5_ib: disagrees about version of symbol ib_umem_activate_invalidation_notifier
[  344.587160] mlx5_ib: Unknown symbol ib_umem_activate_invalidation_notifier (err -22)
[  344.587165] mlx5_ib: disagrees about version of symbol mlx5_eswitch_vport_match_metadata_enabled
[  344.587167] mlx5_ib: Unknown symbol mlx5_eswitch_vport_match_metadata_enabled (err -22)
[  344.587172] mlx5_ib: disagrees about version of symbol ib_dealloc_device
[  344.587175] mlx5_ib: Unknown symbol ib_dealloc_device (err -22)
[  344.587180] mlx5_ib: disagrees about version of symbol mlx5_fc_query
[  344.587181] mlx5_ib: Unknown symbol mlx5_fc_query (err -22)
[  344.587187] mlx5_ib: disagrees about version of symbol ib_destroy_cq_user
[  344.587189] mlx5_ib: Unknown symbol ib_destroy_cq_user (err -22)
[  344.587195] mlx5_ib: disagrees about version of symbol rdma_user_mmap_io
[  344.587197] mlx5_ib: Unknown symbol rdma_user_mmap_io (err -22)
[  344.587211] mlx5_ib: disagrees about version of symbol ib_modify_qp
[  344.587213] mlx5_ib: Unknown symbol ib_modify_qp (err -22)
[  344.587218] mlx5_ib: disagrees about version of symbol mlx5_eswitch_get_core_dev
[  344.587219] mlx5_ib: Unknown symbol mlx5_eswitch_get_core_dev (err -22)
[  344.587235] mlx5_ib: disagrees about version of symbol rdma_user_mmap_entry_insert_range
[  344.587237] mlx5_ib: Unknown symbol rdma_user_mmap_entry_insert_range (err -22)
[  344.587259] mlx5_ib: disagrees about version of symbol ib_umem_dmabuf_unmap_pages
[  344.587261] mlx5_ib: Unknown symbol ib_umem_dmabuf_unmap_pages (err -22)
[  344.587267] mlx5_ib: disagrees about version of symbol ib_umem_get_peer
[  344.587268] mlx5_ib: Unknown symbol ib_umem_get_peer (err -22)
[  344.587276] mlx5_ib: disagrees about version of symbol mlx5_eswitch_get_proto_dev
[  344.587278] mlx5_ib: Unknown symbol mlx5_eswitch_get_proto_dev (err -22)
[  344.587289] mlx5_ib: disagrees about version of symbol uverbs_copy_to_struct_or_zero
[  344.587291] mlx5_ib: Unknown symbol uverbs_copy_to_struct_or_zero (err -22)
[  344.587296] mlx5_ib: disagrees about version of symbol ib_uverbs_flow_resources_free
[  344.587297] mlx5_ib: Unknown symbol ib_uverbs_flow_resources_free (err -22)
[  344.587307] mlx5_ib: disagrees about version of symbol ib_umem_odp_map_dma_and_lock
[  344.587309] mlx5_ib: Unknown symbol ib_umem_odp_map_dma_and_lock (err -22)
[  344.587317] mlx5_ib: disagrees about version of symbol ib_free_cq
[  344.587319] mlx5_ib: Unknown symbol ib_free_cq (err -22)
[  344.587325] mlx5_ib: disagrees about version of symbol mlx5_eq_notifier_unregister
[  344.587326] mlx5_ib: Unknown symbol mlx5_eq_notifier_unregister (err -22)
[  344.587331] mlx5_ib: disagrees about version of symbol mlx5_query_port_vl_hw_cap
[  344.587333] mlx5_ib: Unknown symbol mlx5_query_port_vl_hw_cap (err -22)
[  344.587337] mlx5_ib: disagrees about version of symbol mlx5_query_hca_vport_pkey
[  344.587339] mlx5_ib: Unknown symbol mlx5_query_hca_vport_pkey (err -22)
[  344.587352] mlx5_ib: disagrees about version of symbol mlx5_frag_buf_alloc_node
[  344.587354] mlx5_ib: Unknown symbol mlx5_frag_buf_alloc_node (err -22)
[  344.587369] mlx5_ib: disagrees about version of symbol _uverbs_alloc
[  344.587371] mlx5_ib: Unknown symbol _uverbs_alloc (err -22)
[  344.587375] mlx5_ib: disagrees about version of symbol mlx5_fc_destroy
[  344.587377] mlx5_ib: Unknown symbol mlx5_fc_destroy (err -22)
[  344.587384] mlx5_ib: disagrees about version of symbol mlx5_lag_is_master
[  344.587386] mlx5_ib: Unknown symbol mlx5_lag_is_master (err -22)
[  344.587392] mlx5_ib: disagrees about version of symbol mlx5_nic_vport_unaffiliate_multiport
[  344.587395] mlx5_ib: Unknown symbol mlx5_nic_vport_unaffiliate_multiport (err -22)
[  344.587405] mlx5_ib: disagrees about version of symbol mlx5_query_hca_vport_context
[  344.587406] mlx5_ib: Unknown symbol mlx5_query_hca_vport_context (err -22)
[  344.587411] mlx5_ib: disagrees about version of symbol ib_query_pkey
[  344.587413] mlx5_ib: Unknown symbol ib_query_pkey (err -22)
[  344.587420] mlx5_ib: disagrees about version of symbol uverbs_uobject_put
[  344.587421] mlx5_ib: Unknown symbol uverbs_uobject_put (err -22)
[  344.587426] mlx5_ib: disagrees about version of symbol mlx5_core_roce_gid_set
[  344.587428] mlx5_ib: Unknown symbol mlx5_core_roce_gid_set (err -22)
[  344.587438] mlx5_ib: disagrees about version of symbol mlx5_query_port_oper_mtu
[  344.587439] mlx5_ib: Unknown symbol mlx5_query_port_oper_mtu (err -22)
[  344.587443] mlx5_ib: disagrees about version of symbol mlx5_nic_vport_enable_roce
[  344.587445] mlx5_ib: Unknown symbol mlx5_nic_vport_enable_roce (err -22)
[  344.587449] mlx5_ib: disagrees about version of symbol ib_port_immutable_read
[  344.587451] mlx5_ib: Unknown symbol ib_port_immutable_read (err -22)
[  344.587457] mlx5_ib: disagrees about version of symbol ib_create_qp_kernel
[  344.587458] mlx5_ib: Unknown symbol ib_create_qp_kernel (err -22)
[  344.587465] mlx5_ib: disagrees about version of symbol uverbs_copy_to
[  344.587466] mlx5_ib: Unknown symbol uverbs_copy_to (err -22)
[  344.587475] mlx5_ib: disagrees about version of symbol flow_resources_add
[  344.587477] mlx5_ib: Unknown symbol flow_resources_add (err -22)
[  344.587481] mlx5_ib: disagrees about version of symbol mlx5_core_modify_rq
[  344.587482] mlx5_ib: Unknown symbol mlx5_core_modify_rq (err -22)
[  344.587486] mlx5_ib: disagrees about version of symbol mlx5_core_query_mkey
[  344.587488] mlx5_ib: Unknown symbol mlx5_core_query_mkey (err -22)
[  344.587498] mlx5_ib: disagrees about version of symbol uverbs_destroy_def_handler
[  344.587501] mlx5_ib: Unknown symbol uverbs_destroy_def_handler (err -22)
[  344.587505] mlx5_ib: disagrees about version of symbol mlx5_qp_debugfs_init
[  344.587506] mlx5_ib: Unknown symbol mlx5_qp_debugfs_init (err -22)
[  344.587511] mlx5_ib: disagrees about version of symbol ib_dealloc_pd_user
[  344.587512] mlx5_ib: Unknown symbol ib_dealloc_pd_user (err -22)
[  344.587516] mlx5_ib: disagrees about version of symbol mlx5_core_modify_tis
[  344.587518] mlx5_ib: Unknown symbol mlx5_core_modify_tis (err -22)
[  344.587522] mlx5_ib: disagrees about version of symbol rdma_port_get_link_layer
[  344.587524] mlx5_ib: Unknown symbol rdma_port_get_link_layer (err -22)
[  344.587528] mlx5_ib: disagrees about version of symbol uverbs_get_flags64
[  344.587529] mlx5_ib: Unknown symbol uverbs_get_flags64 (err -22)
[  344.587538] mlx5_ib: disagrees about version of symbol mlx5_eswitch_get_total_vports
[  344.587540] mlx5_ib: Unknown symbol mlx5_eswitch_get_total_vports (err -22)
[  344.587544] mlx5_ib: disagrees about version of symbol mlx5_core_destroy_cq
[  344.587545] mlx5_ib: Unknown symbol mlx5_core_destroy_cq (err -22)
[  344.587549] mlx5_ib: disagrees about version of symbol mlx5_core_reserved_gids_count
[  344.587551] mlx5_ib: Unknown symbol mlx5_core_reserved_gids_count (err -22)
[  344.587565] mlx5_ib: Unknown symbol mlx5_lag_get_peer_mdev (err -2)
[  344.587571] mlx5_ib: disagrees about version of symbol mlx5_debugfs_root
[  344.587573] mlx5_ib: Unknown symbol mlx5_debugfs_root (err -22)
[  344.587578] mlx5_ib: disagrees about version of symbol mlx5_core_modify_cq_moderation
[  344.587579] mlx5_ib: Unknown symbol mlx5_core_modify_cq_moderation (err -22)
[  344.587583] mlx5_ib: disagrees about version of symbol ib_umem_copy_from
[  344.587585] mlx5_ib: Unknown symbol ib_umem_copy_from (err -22)
[  344.587599] mlx5_ib: Unknown symbol mlx5_accel_esp_destroy_xfrm (err -2)
[  344.587603] mlx5_ib: disagrees about version of symbol mlx5_qp_debugfs_cleanup
[  344.587605] mlx5_ib: Unknown symbol mlx5_qp_debugfs_cleanup (err -22)
[  344.587609] mlx5_ib: disagrees about version of symbol mlx5_eq_disable
[  344.587611] mlx5_ib: Unknown symbol mlx5_eq_disable (err -22)
[  344.587614] mlx5_ib: disagrees about version of symbol mlx5_cmd_cleanup_async_ctx
[  344.587615] mlx5_ib: Unknown symbol mlx5_cmd_cleanup_async_ctx (err -22)
[  344.587631] mlx5_ib: Unknown symbol mlx5_cmd_free_uar (err -2)
[  344.587645] mlx5_ib: Unknown symbol mlx5_cmd_alloc_uar (err -2)
[  344.587649] mlx5_ib: disagrees about version of symbol mlx5_rl_remove_rate_raw
[  344.587651] mlx5_ib: Unknown symbol mlx5_rl_remove_rate_raw (err -22)
[  344.587656] mlx5_ib: disagrees about version of symbol rdma_roce_rescan_device
[  344.587658] mlx5_ib: Unknown symbol rdma_roce_rescan_device (err -22)
[  344.587672] mlx5_ib: Unknown symbol mlx5_core_query_ib_ppcnt (err -2)
[  344.587675] mlx5_ib: disagrees about version of symbol mlx5_alloc_bfreg
[  344.587676] mlx5_ib: Unknown symbol mlx5_alloc_bfreg (err -22)
[  344.587679] mlx5_ib: disagrees about version of symbol mlx5_eq_destroy_generic
[  344.587681] mlx5_ib: Unknown symbol mlx5_eq_destroy_generic (err -22)
[  344.587695] mlx5_ib: Unknown symbol mlx5_vector2eqn (err -2)
[  344.587703] mlx5_ib: disagrees about version of symbol mlx5_lag_is_active
[  344.587704] mlx5_ib: Unknown symbol mlx5_lag_is_active (err -22)
[  344.587707] mlx5_ib: disagrees about version of symbol mlx5_free_bfreg
[  344.587709] mlx5_ib: Unknown symbol mlx5_free_bfreg (err -22)
[  344.587713] mlx5_ib: disagrees about version of symbol mlx5_cmd_destroy_vport_lag
[  344.587715] mlx5_ib: Unknown symbol mlx5_cmd_destroy_vport_lag (err -22)
[  344.587719] mlx5_ib: disagrees about version of symbol ib_set_device_ops
[  344.587720] mlx5_ib: Unknown symbol ib_set_device_ops (err -22)
[  344.587724] mlx5_ib: disagrees about version of symbol rdma_user_mmap_entry_put
[  344.587726] mlx5_ib: Unknown symbol rdma_user_mmap_entry_put (err -22)
[  344.587731] mlx5_ib: disagrees about version of symbol mlx5_core_access_reg
[  344.587733] mlx5_ib: Unknown symbol mlx5_core_access_reg (err -22)
[  344.592872] mlx5_core d09b:00:02.0 enP53403s1: renamed from eth1
[  344.625909] mlx5_ib: disagrees about version of symbol mlx5_eswitch_add_send_to_vport_rule
[  344.625914] mlx5_ib: Unknown symbol mlx5_eswitch_add_send_to_vport_rule (err -22)
[  344.625933] mlx5_ib: disagrees about version of symbol mlx5_modify_header_alloc
[  344.625935] mlx5_ib: Unknown symbol mlx5_modify_header_alloc (err -22)
[  344.625945] mlx5_ib: disagrees about version of symbol mlx5_dm_sw_icm_dealloc
[  344.625947] mlx5_ib: Unknown symbol mlx5_dm_sw_icm_dealloc (err -22)
[  344.625964] mlx5_ib: disagrees about version of symbol ib_umem_release
[  344.625966] mlx5_ib: Unknown symbol ib_umem_release (err -22)
[  344.625975] mlx5_ib: disagrees about version of symbol mlx5_db_free
[  344.625977] mlx5_ib: Unknown symbol mlx5_db_free (err -22)
[  344.625996] mlx5_ib: disagrees about version of symbol mlx5_core_destroy_mkey
[  344.625998] mlx5_ib: Unknown symbol mlx5_core_destroy_mkey (err -22)
[  344.626007] mlx5_ib: disagrees about version of symbol mlx5_eswitch_mode
[  344.626009] mlx5_ib: Unknown symbol mlx5_eswitch_mode (err -22)
[  344.626054] mlx5_ib: disagrees about version of symbol mlx5_rl_add_rate_raw
[  344.626055] mlx5_ib: Unknown symbol mlx5_rl_add_rate_raw (err -22)
[  344.626064] mlx5_ib: disagrees about version of symbol mlx5_lag_query_cong_counters
[  344.626066] mlx5_ib: Unknown symbol mlx5_lag_query_cong_counters (err -22)
[  344.626081] mlx5_ib: disagrees about version of symbol uverbs_get_flags32
[  344.626082] mlx5_ib: Unknown symbol uverbs_get_flags32 (err -22)
[  344.626091] mlx5_ib: disagrees about version of symbol mlx5_rsc_dump_cmd_create
[  344.626093] mlx5_ib: Unknown symbol mlx5_rsc_dump_cmd_create (err -22)
[  344.626102] mlx5_ib: disagrees about version of symbol uverbs_idr_class
[  344.626103] mlx5_ib: Unknown symbol uverbs_idr_class (err -22)
[  344.626120] mlx5_ib: disagrees about version of symbol mlx5_core_destroy_psv
[  344.626122] mlx5_ib: Unknown symbol mlx5_core_destroy_psv (err -22)
[  344.626156] mlx5_ib: disagrees about version of symbol mlx5_eq_enable
[  344.626157] mlx5_ib: Unknown symbol mlx5_eq_enable (err -22)
[  344.626169] mlx5_ib: disagrees about version of symbol rdma_read_gid_l2_fields
[  344.626170] mlx5_ib: Unknown symbol rdma_read_gid_l2_fields (err -22)
[  344.626187] mlx5_ib: disagrees about version of symbol __ib_alloc_pd
[  344.626188] mlx5_ib: Unknown symbol __ib_alloc_pd (err -22)
[  344.626226] mlx5_ib: disagrees about version of symbol mlx5_query_nic_vport_qkey_viol_cntr
[  344.626228] mlx5_ib: Unknown symbol mlx5_query_nic_vport_qkey_viol_cntr (err -22)
[  344.626238] mlx5_ib: disagrees about version of symbol ib_modify_qp_is_ok
[  344.626239] mlx5_ib: Unknown symbol ib_modify_qp_is_ok (err -22)
[  344.626253] mlx5_ib: disagrees about version of symbol mlx5_nic_vport_update_local_lb
[  344.626254] mlx5_ib: Unknown symbol mlx5_nic_vport_update_local_lb (err -22)
[  344.626284] mlx5_ib: disagrees about version of symbol uverbs_uobject_fd_release
[  344.626286] mlx5_ib: Unknown symbol uverbs_uobject_fd_release (err -22)
[  344.626303] mlx5_ib: disagrees about version of symbol mlx5_core_create_psv
[  344.626305] mlx5_ib: Unknown symbol mlx5_core_create_psv (err -22)
[  344.626313] mlx5_ib: disagrees about version of symbol ib_umem_find_best_pgsz
[  344.626315] mlx5_ib: Unknown symbol ib_umem_find_best_pgsz (err -22)
[  344.626323] mlx5_ib: disagrees about version of symbol mlx5_core_modify_hca_vport_context
[  344.626325] mlx5_ib: Unknown symbol mlx5_core_modify_hca_vport_context (err -22)
[  344.626337] mlx5_ib: disagrees about version of symbol mlx5_rl_add_rate
[  344.626339] mlx5_ib: Unknown symbol mlx5_rl_add_rate (err -22)
[  344.626346] mlx5_ib: disagrees about version of symbol mlx5_eq_update_ci
[  344.626348] mlx5_ib: Unknown symbol mlx5_eq_update_ci (err -22)
[  344.626355] mlx5_ib: disagrees about version of symbol mlx5_create_auto_grouped_flow_table
[  344.626357] mlx5_ib: Unknown symbol mlx5_create_auto_grouped_flow_table (err -22)
[  344.626365] mlx5_ib: disagrees about version of symbol mlx5_core_create_mkey
[  344.626366] mlx5_ib: Unknown symbol mlx5_core_create_mkey (err -22)
[  344.626379] mlx5_ib: disagrees about version of symbol mlx5_debug_qp_add
[  344.626380] mlx5_ib: Unknown symbol mlx5_debug_qp_add (err -22)
[  344.626389] mlx5_ib: disagrees about version of symbol ib_sg_to_pages
[  344.626390] mlx5_ib: Unknown symbol ib_sg_to_pages (err -22)
[  344.626415] mlx5_ib: disagrees about version of symbol mlx5_fc_create
[  344.626416] mlx5_ib: Unknown symbol mlx5_fc_create (err -22)
[  344.626423] mlx5_ib: disagrees about version of symbol mlx5_core_create_rqt
[  344.626425] mlx5_ib: Unknown symbol mlx5_core_create_rqt (err -22)
[  344.626433] mlx5_ib: disagrees about version of symbol mlx5_query_hca_vport_node_guid
[  344.626434] mlx5_ib: Unknown symbol mlx5_query_hca_vport_node_guid (err -22)
[  344.626442] mlx5_ib: disagrees about version of symbol mlx5_core_query_vendor_id
[  344.626444] mlx5_ib: Unknown symbol mlx5_core_query_vendor_id (err -22)
[  344.626451] mlx5_ib: disagrees about version of symbol mlx5_modify_header_dealloc
[  344.626452] mlx5_ib: Unknown symbol mlx5_modify_header_dealloc (err -22)
[  344.626465] mlx5_ib: disagrees about version of symbol ib_umem_odp_alloc_child
[  344.626467] mlx5_ib: Unknown symbol ib_umem_odp_alloc_child (err -22)
[  344.626503] mlx5_ib: Unknown symbol mlx5_db_alloc (err -2)
[  344.626516] mlx5_ib: disagrees about version of symbol ib_process_cq_direct
[  344.626518] mlx5_ib: Unknown symbol ib_process_cq_direct (err -22)
[  344.626546] mlx5_ib: disagrees about version of symbol uverbs_finalize_uobj_create
[  344.626548] mlx5_ib: Unknown symbol uverbs_finalize_uobj_create (err -22)
[  344.626562] mlx5_ib: disagrees about version of symbol mlx5_eswitch_get_encap_mode
[  344.626564] mlx5_ib: Unknown symbol mlx5_eswitch_get_encap_mode (err -22)
[  344.626571] mlx5_ib: disagrees about version of symbol mlx5_rsc_dump_next
[  344.626572] mlx5_ib: Unknown symbol mlx5_rsc_dump_next (err -22)
[  344.626581] mlx5_ib: disagrees about version of symbol ib_query_qp
[  344.626582] mlx5_ib: Unknown symbol ib_query_qp (err -22)
[  344.626591] mlx5_ib: disagrees about version of symbol _ib_alloc_device
[  344.626593] mlx5_ib: Unknown symbol _ib_alloc_device (err -22)
[  344.626617] mlx5_ib: disagrees about version of symbol flow_resources_alloc
[  344.626619] mlx5_ib: Unknown symbol flow_resources_alloc (err -22)
[  344.626639] mlx5_ib: disagrees about version of symbol mlx5_core_query_rq
[  344.626641] mlx5_ib: Unknown symbol mlx5_core_query_rq (err -22)
[  344.626652] mlx5_ib: disagrees about version of symbol mlx5_packet_reformat_dealloc
[  344.626653] mlx5_ib: Unknown symbol mlx5_packet_reformat_dealloc (err -22)
[  344.626672] mlx5_ib: disagrees about version of symbol ib_umem_odp_alloc_implicit
[  344.626674] mlx5_ib: Unknown symbol ib_umem_odp_alloc_implicit (err -22)
[  344.626687] mlx5_ib: disagrees about version of symbol ib_destroy_srq_user
[  344.626689] mlx5_ib: Unknown symbol ib_destroy_srq_user (err -22)
[  344.626702] mlx5_ib: disagrees about version of symbol ib_unregister_device
[  344.626703] mlx5_ib: Unknown symbol ib_unregister_device (err -22)
[  344.626711] mlx5_ib: disagrees about version of symbol ib_find_cached_pkey
[  344.626713] mlx5_ib: Unknown symbol ib_find_cached_pkey (err -22)
[  344.626737] mlx5_ib: disagrees about version of symbol mlx5_cmd_exec
[  344.626738] mlx5_ib: Unknown symbol mlx5_cmd_exec (err -22)
[  344.626745] mlx5_ib: disagrees about version of symbol mlx5_eq_get_eqe
[  344.626747] mlx5_ib: Unknown symbol mlx5_eq_get_eqe (err -22)
[  344.626766] mlx5_ib: disagrees about version of symbol mlx5_rdma_rn_get_params
[  344.626768] mlx5_ib: Unknown symbol mlx5_rdma_rn_get_params (err -22)
[  344.626780] mlx5_ib: disagrees about version of symbol ib_register_device
[  344.626782] mlx5_ib: Unknown symbol ib_register_device (err -22)
[  344.626813] mlx5_ib: disagrees about version of symbol mlx5_debug_qp_remove
[  344.626814] mlx5_ib: Unknown symbol mlx5_debug_qp_remove (err -22)
[  344.626830] mlx5_ib: disagrees about version of symbol mlx5_eq_notifier_register
[  344.626831] mlx5_ib: Unknown symbol mlx5_eq_notifier_register (err -22)
[  344.626846] mlx5_ib: Unknown symbol mlx5_accel_esp_create_xfrm (err -2)
[  344.626857] mlx5_ib: disagrees about version of symbol mlx5_core_create_tis
[  344.626858] mlx5_ib: Unknown symbol mlx5_core_create_tis (err -22)
[  344.626865] mlx5_ib: disagrees about version of symbol mlx5_nic_vport_affiliate_multiport
[  344.626866] mlx5_ib: Unknown symbol mlx5_nic_vport_affiliate_multiport (err -22)
[  344.626885] mlx5_ib: disagrees about version of symbol mlx5_cmd_create_vport_lag
[  344.626887] mlx5_ib: Unknown symbol mlx5_cmd_create_vport_lag (err -22)
[  344.626897] mlx5_ib: disagrees about version of symbol mlx5_query_min_inline
[  344.626898] mlx5_ib: Unknown symbol mlx5_query_min_inline (err -22)
[  344.626914] mlx5_ib: disagrees about version of symbol mlx5_core_create_rq
[  344.626915] mlx5_ib: Unknown symbol mlx5_core_create_rq (err -22)
[  344.626922] mlx5_ib: disagrees about version of symbol mlx5_eswitch_get_vport_metadata_for_match
[  344.626924] mlx5_ib: Unknown symbol mlx5_eswitch_get_vport_metadata_for_match (err -22)
[  344.626938] mlx5_ib: disagrees about version of symbol mlx5_packet_reformat_alloc
[  344.626940] mlx5_ib: Unknown symbol mlx5_packet_reformat_alloc (err -22)
[  344.626951] mlx5_ib: disagrees about version of symbol ib_create_srq_user
[  344.626952] mlx5_ib: Unknown symbol ib_create_srq_user (err -22)
[  344.626960] mlx5_ib: disagrees about version of symbol rdma_user_mmap_entry_remove
[  344.626961] mlx5_ib: Unknown symbol rdma_user_mmap_entry_remove (err -22)
[  344.626968] mlx5_ib: disagrees about version of symbol _uverbs_get_const_unsigned
[  344.626969] mlx5_ib: Unknown symbol _uverbs_get_const_unsigned (err -22)
[  344.626976] mlx5_ib: disagrees about version of symbol ib_dispatch_event
[  344.626978] mlx5_ib: Unknown symbol ib_dispatch_event (err -22)
[  344.626992] mlx5_ib: Unknown symbol mlx5_accel_ipsec_device_caps (err -2)
[  344.627002] mlx5_ib: disagrees about version of symbol mlx5_lag_is_shared_fdb
[  344.627003] mlx5_ib: Unknown symbol mlx5_lag_is_shared_fdb (err -22)
[  344.627010] mlx5_ib: disagrees about version of symbol ib_umem_odp_release
[  344.627012] mlx5_ib: Unknown symbol ib_umem_odp_release (err -22)
[  344.627022] mlx5_ib: disagrees about version of symbol mlx5_query_nic_vport_system_image_guid
[  344.627023] mlx5_ib: Unknown symbol mlx5_query_nic_vport_system_image_guid (err -22)
[  344.627029] mlx5_ib: disagrees about version of symbol mlx5_eswitch_unregister_vport_reps
[  344.627031] mlx5_ib: Unknown symbol mlx5_eswitch_unregister_vport_reps (err -22)
[  344.627041] mlx5_ib: disagrees about version of symbol mlx5_notifier_register
[  344.627043] mlx5_ib: Unknown symbol mlx5_notifier_register (err -22)
[  344.627049] mlx5_ib: disagrees about version of symbol mlx5_core_create_cq
[  344.627050] mlx5_ib: Unknown symbol mlx5_core_create_cq (err -22)
[  344.627056] mlx5_ib: disagrees about version of symbol mlx5_dm_sw_icm_alloc
[  344.627058] mlx5_ib: Unknown symbol mlx5_dm_sw_icm_alloc (err -22)
[  344.627075] mlx5_ib: Unknown symbol mlx5_lag_get_roce_netdev (err -2)
[  344.627081] mlx5_ib: disagrees about version of symbol mlx5_add_flow_rules
[  344.627082] mlx5_ib: Unknown symbol mlx5_add_flow_rules (err -22)
[  344.627093] mlx5_ib: disagrees about version of symbol mlx5_destroy_flow_table
[  344.627095] mlx5_ib: Unknown symbol mlx5_destroy_flow_table (err -22)
[  344.627101] mlx5_ib: disagrees about version of symbol mlx5_eswitch_uplink_get_proto_dev
[  344.627102] mlx5_ib: Unknown symbol mlx5_eswitch_uplink_get_proto_dev (err -22)
[  344.627108] mlx5_ib: disagrees about version of symbol mlx5_get_flow_namespace
[  344.627109] mlx5_ib: Unknown symbol mlx5_get_flow_namespace (err -22)
[  344.627127] mlx5_ib: Unknown symbol mlx5_comp_vectors_count (err -2)
[  344.627144] mlx5_ib: disagrees about version of symbol ib_umem_odp_get
[  344.627146] mlx5_ib: Unknown symbol ib_umem_odp_get (err -22)
[  344.627155] mlx5_ib: disagrees about version of symbol mlx5_query_port_ptys
[  344.627156] mlx5_ib: Unknown symbol mlx5_query_port_ptys (err -22)
[  344.627173] mlx5_ib: disagrees about version of symbol mlx5_cmd_init_async_ctx
[  344.627175] mlx5_ib: Unknown symbol mlx5_cmd_init_async_ctx (err -22)
[  344.627180] mlx5_ib: disagrees about version of symbol mlx5_put_uars_page
[  344.627181] mlx5_ib: Unknown symbol mlx5_put_uars_page (err -22)
[  344.627187] mlx5_ib: disagrees about version of symbol mlx5_eq_create_generic
[  344.627188] mlx5_ib: Unknown symbol mlx5_eq_create_generic (err -22)
[  344.627194] mlx5_ib: disagrees about version of symbol mlx5_lag_get_slave_port
[  344.627195] mlx5_ib: Unknown symbol mlx5_lag_get_slave_port (err -22)
[  344.627204] mlx5_ib: disagrees about version of symbol mlx5_get_uars_page
[  344.627206] mlx5_ib: Unknown symbol mlx5_get_uars_page (err -22)
[  344.627212] mlx5_ib: disagrees about version of symbol ib_umem_dmabuf_map_pages
[  344.627213] mlx5_ib: Unknown symbol ib_umem_dmabuf_map_pages (err -22)
[  344.627219] mlx5_ib: disagrees about version of symbol mlx5_query_ib_port_oper
[  344.627220] mlx5_ib: Unknown symbol mlx5_query_ib_port_oper (err -22)
[  344.627227] mlx5_ib: disagrees about version of symbol ib_query_port
[  344.627228] mlx5_ib: Unknown symbol ib_query_port (err -22)
[  344.627235] mlx5_ib: disagrees about version of symbol __ib_alloc_cq
[  344.627236] mlx5_ib: Unknown symbol __ib_alloc_cq (err -22)
[  344.627242] mlx5_ib: disagrees about version of symbol mlx5_query_nic_vport_node_guid
[  344.627243] mlx5_ib: Unknown symbol mlx5_query_nic_vport_node_guid (err -22)
[  344.627260] mlx5_ib: disagrees about version of symbol mlx5_set_port_caps
[  344.627262] mlx5_ib: Unknown symbol mlx5_set_port_caps (err -22)
[  344.627268] mlx5_ib: disagrees about version of symbol rdma_user_mmap_entry_get_pgoff
[  344.627269] mlx5_ib: Unknown symbol rdma_user_mmap_entry_get_pgoff (err -22)
[  344.627275] mlx5_ib: disagrees about version of symbol mlx5_del_flow_rules
[  344.627276] mlx5_ib: Unknown symbol mlx5_del_flow_rules (err -22)
[  344.627282] mlx5_ib: disagrees about version of symbol ib_umem_odp_unmap_dma_pages
[  344.627284] mlx5_ib: Unknown symbol ib_umem_odp_unmap_dma_pages (err -22)
[  344.627293] mlx5_ib: disagrees about version of symbol mlx5_core_modify_sq
[  344.627294] mlx5_ib: Unknown symbol mlx5_core_modify_sq (err -22)
[  344.627307] mlx5_ib: disagrees about version of symbol ib_umem_dmabuf_get
[  344.627308] mlx5_ib: Unknown symbol ib_umem_dmabuf_get (err -22)
[  344.627314] mlx5_ib: disagrees about version of symbol mlx5_query_hca_vport_system_image_guid
[  344.627315] mlx5_ib: Unknown symbol mlx5_query_hca_vport_system_image_guid (err -22)
[  344.627321] mlx5_ib: disagrees about version of symbol mlx5_core_query_sq_state
[  344.627323] mlx5_ib: Unknown symbol mlx5_core_query_sq_state (err -22)
[  344.627333] mlx5_ib: disagrees about version of symbol ib_umem_stop_invalidation_notifier
[  344.627334] mlx5_ib: Unknown symbol ib_umem_stop_invalidation_notifier (err -22)
[  344.627340] mlx5_ib: disagrees about version of symbol mlx5_core_query_vport_counter
[  344.627341] mlx5_ib: Unknown symbol mlx5_core_query_vport_counter (err -22)
[  344.627347] mlx5_ib: disagrees about version of symbol ib_uverbs_get_ucontext_file
[  344.627349] mlx5_ib: Unknown symbol ib_uverbs_get_ucontext_file (err -22)
[  344.627361] mlx5_ib: disagrees about version of symbol __ib_create_cq
[  344.627362] mlx5_ib: Unknown symbol __ib_create_cq (err -22)
[  344.627371] mlx5_ib: disagrees about version of symbol mlx5_query_port_max_mtu
[  344.627372] mlx5_ib: Unknown symbol mlx5_query_port_max_mtu (err -22)
[  344.627378] mlx5_ib: disagrees about version of symbol ib_destroy_qp_user
[  344.627380] mlx5_ib: Unknown symbol ib_destroy_qp_user (err -22)
[  344.627385] mlx5_ib: disagrees about version of symbol mlx5_query_hca_vport_gid
[  344.627387] mlx5_ib: Unknown symbol mlx5_query_hca_vport_gid (err -22)
[  344.627392] mlx5_ib: disagrees about version of symbol mlx5_frag_buf_free
[  344.627393] mlx5_ib: Unknown symbol mlx5_frag_buf_free (err -22)
[  344.627398] mlx5_ib: disagrees about version of symbol mlx5_nic_vport_disable_roce
[  344.627400] mlx5_ib: Unknown symbol mlx5_nic_vport_disable_roce (err -22)
[  344.627405] mlx5_ib: disagrees about version of symbol uverbs_fd_class
[  344.627407] mlx5_ib: Unknown symbol uverbs_fd_class (err -22)
[  344.627417] mlx5_ib: disagrees about version of symbol mlx5_notifier_unregister
[  344.627418] mlx5_ib: Unknown symbol mlx5_notifier_unregister (err -22)
[  344.627429] mlx5_ib: disagrees about version of symbol mlx5_create_lag_demux_flow_table
[  344.627431] mlx5_ib: Unknown symbol mlx5_create_lag_demux_flow_table (err -22)
[  344.627445] mlx5_ib: Unknown symbol mlx5_accel_esp_modify_xfrm (err -2)
[  344.627450] mlx5_ib: disagrees about version of symbol mlx5_cmd_exec_cb
[  344.627451] mlx5_ib: Unknown symbol mlx5_cmd_exec_cb (err -22)
[  344.627462] mlx5_ib: disagrees about version of symbol mlx5_rl_remove_rate
[  344.627464] mlx5_ib: Unknown symbol mlx5_rl_remove_rate (err -22)
[  344.627481] mlx5_ib: disagrees about version of symbol mlx5_eswitch_register_vport_reps
[  344.627483] mlx5_ib: Unknown symbol mlx5_eswitch_register_vport_reps (err -22)
[  344.627493] mlx5_ib: disagrees about version of symbol mlx5_core_modify_cq
[  344.627494] mlx5_ib: Unknown symbol mlx5_core_modify_cq (err -22)
[  344.627499] mlx5_ib: disagrees about version of symbol ib_umem_activate_invalidation_notifier
[  344.627501] mlx5_ib: Unknown symbol ib_umem_activate_invalidation_notifier (err -22)
[  344.627506] mlx5_ib: disagrees about version of symbol mlx5_eswitch_vport_match_metadata_enabled
[  344.627507] mlx5_ib: Unknown symbol mlx5_eswitch_vport_match_metadata_enabled (err -22)
[  344.627513] mlx5_ib: disagrees about version of symbol ib_dealloc_device
[  344.627514] mlx5_ib: Unknown symbol ib_dealloc_device (err -22)
[  344.627519] mlx5_ib: disagrees about version of symbol mlx5_fc_query
[  344.627520] mlx5_ib: Unknown symbol mlx5_fc_query (err -22)
[  344.627526] mlx5_ib: disagrees about version of symbol ib_destroy_cq_user
[  344.627527] mlx5_ib: Unknown symbol ib_destroy_cq_user (err -22)
[  344.627533] mlx5_ib: disagrees about version of symbol rdma_user_mmap_io
[  344.627535] mlx5_ib: Unknown symbol rdma_user_mmap_io (err -22)
[  344.627548] mlx5_ib: disagrees about version of symbol ib_modify_qp
[  344.627550] mlx5_ib: Unknown symbol ib_modify_qp (err -22)
[  344.627554] mlx5_ib: disagrees about version of symbol mlx5_eswitch_get_core_dev
[  344.627556] mlx5_ib: Unknown symbol mlx5_eswitch_get_core_dev (err -22)
[  344.627572] mlx5_ib: disagrees about version of symbol rdma_user_mmap_entry_insert_range
[  344.627573] mlx5_ib: Unknown symbol rdma_user_mmap_entry_insert_range (err -22)
[  344.627595] mlx5_ib: disagrees about version of symbol ib_umem_dmabuf_unmap_pages
[  344.627596] mlx5_ib: Unknown symbol ib_umem_dmabuf_unmap_pages (err -22)
[  344.627601] mlx5_ib: disagrees about version of symbol ib_umem_get_peer
[  344.627603] mlx5_ib: Unknown symbol ib_umem_get_peer (err -22)
[  344.627611] mlx5_ib: disagrees about version of symbol mlx5_eswitch_get_proto_dev
[  344.627612] mlx5_ib: Unknown symbol mlx5_eswitch_get_proto_dev (err -22)
[  344.627624] mlx5_ib: disagrees about version of symbol uverbs_copy_to_struct_or_zero
[  344.627625] mlx5_ib: Unknown symbol uverbs_copy_to_struct_or_zero (err -22)
[  344.627630] mlx5_ib: disagrees about version of symbol ib_uverbs_flow_resources_free
[  344.627631] mlx5_ib: Unknown symbol ib_uverbs_flow_resources_free (err -22)
[  344.627641] mlx5_ib: disagrees about version of symbol ib_umem_odp_map_dma_and_lock
[  344.627642] mlx5_ib: Unknown symbol ib_umem_odp_map_dma_and_lock (err -22)
[  344.627651] mlx5_ib: disagrees about version of symbol ib_free_cq
[  344.627652] mlx5_ib: Unknown symbol ib_free_cq (err -22)
[  344.627658] mlx5_ib: disagrees about version of symbol mlx5_eq_notifier_unregister
[  344.627660] mlx5_ib: Unknown symbol mlx5_eq_notifier_unregister (err -22)
[  344.627664] mlx5_ib: disagrees about version of symbol mlx5_query_port_vl_hw_cap
[  344.627666] mlx5_ib: Unknown symbol mlx5_query_port_vl_hw_cap (err -22)
[  344.627671] mlx5_ib: disagrees about version of symbol mlx5_query_hca_vport_pkey
[  344.627672] mlx5_ib: Unknown symbol mlx5_query_hca_vport_pkey (err -22)
[  344.627685] mlx5_ib: disagrees about version of symbol mlx5_frag_buf_alloc_node
[  344.627686] mlx5_ib: Unknown symbol mlx5_frag_buf_alloc_node (err -22)
[  344.627702] mlx5_ib: disagrees about version of symbol _uverbs_alloc
[  344.627703] mlx5_ib: Unknown symbol _uverbs_alloc (err -22)
[  344.627707] mlx5_ib: disagrees about version of symbol mlx5_fc_destroy
[  344.627708] mlx5_ib: Unknown symbol mlx5_fc_destroy (err -22)
[  344.627716] mlx5_ib: disagrees about version of symbol mlx5_lag_is_master
[  344.627717] mlx5_ib: Unknown symbol mlx5_lag_is_master (err -22)
[  344.627724] mlx5_ib: disagrees about version of symbol mlx5_nic_vport_unaffiliate_multiport
[  344.627725] mlx5_ib: Unknown symbol mlx5_nic_vport_unaffiliate_multiport (err -22)
[  344.627735] mlx5_ib: disagrees about version of symbol mlx5_query_hca_vport_context
[  344.627736] mlx5_ib: Unknown symbol mlx5_query_hca_vport_context (err -22)
[  344.627741] mlx5_ib: disagrees about version of symbol ib_query_pkey
[  344.627742] mlx5_ib: Unknown symbol ib_query_pkey (err -22)
[  344.627749] mlx5_ib: disagrees about version of symbol uverbs_uobject_put
[  344.627750] mlx5_ib: Unknown symbol uverbs_uobject_put (err -22)
[  344.627754] mlx5_ib: disagrees about version of symbol mlx5_core_roce_gid_set
[  344.627755] mlx5_ib: Unknown symbol mlx5_core_roce_gid_set (err -22)
[  344.627764] mlx5_ib: disagrees about version of symbol mlx5_query_port_oper_mtu
[  344.627766] mlx5_ib: Unknown symbol mlx5_query_port_oper_mtu (err -22)
[  344.627770] mlx5_ib: disagrees about version of symbol mlx5_nic_vport_enable_roce
[  344.627771] mlx5_ib: Unknown symbol mlx5_nic_vport_enable_roce (err -22)
[  344.627776] mlx5_ib: disagrees about version of symbol ib_port_immutable_read
[  344.627777] mlx5_ib: Unknown symbol ib_port_immutable_read (err -22)
[  344.627782] mlx5_ib: disagrees about version of symbol ib_create_qp_kernel
[  344.627783] mlx5_ib: Unknown symbol ib_create_qp_kernel (err -22)
[  344.627790] mlx5_ib: disagrees about version of symbol uverbs_copy_to
[  344.627791] mlx5_ib: Unknown symbol uverbs_copy_to (err -22)
[  344.627799] mlx5_ib: disagrees about version of symbol flow_resources_add
[  344.627801] mlx5_ib: Unknown symbol flow_resources_add (err -22)
[  344.627805] mlx5_ib: disagrees about version of symbol mlx5_core_modify_rq
[  344.627806] mlx5_ib: Unknown symbol mlx5_core_modify_rq (err -22)
[  344.627810] mlx5_ib: disagrees about version of symbol mlx5_core_query_mkey
[  344.627811] mlx5_ib: Unknown symbol mlx5_core_query_mkey (err -22)
[  344.627822] mlx5_ib: disagrees about version of symbol uverbs_destroy_def_handler
[  344.627823] mlx5_ib: Unknown symbol uverbs_destroy_def_handler (err -22)
[  344.627827] mlx5_ib: disagrees about version of symbol mlx5_qp_debugfs_init
[  344.627828] mlx5_ib: Unknown symbol mlx5_qp_debugfs_init (err -22)
[  344.627833] mlx5_ib: disagrees about version of symbol ib_dealloc_pd_user
[  344.627834] mlx5_ib: Unknown symbol ib_dealloc_pd_user (err -22)
[  344.627838] mlx5_ib: disagrees about version of symbol mlx5_core_modify_tis
[  344.627839] mlx5_ib: Unknown symbol mlx5_core_modify_tis (err -22)
[  344.627843] mlx5_ib: disagrees about version of symbol rdma_port_get_link_layer
[  344.627845] mlx5_ib: Unknown symbol rdma_port_get_link_layer (err -22)
[  344.627849] mlx5_ib: disagrees about version of symbol uverbs_get_flags64
[  344.627850] mlx5_ib: Unknown symbol uverbs_get_flags64 (err -22)
[  344.627859] mlx5_ib: disagrees about version of symbol mlx5_eswitch_get_total_vports
[  344.627861] mlx5_ib: Unknown symbol mlx5_eswitch_get_total_vports (err -22)
[  344.627864] mlx5_ib: disagrees about version of symbol mlx5_core_destroy_cq
[  344.627865] mlx5_ib: Unknown symbol mlx5_core_destroy_cq (err -22)
[  344.627869] mlx5_ib: disagrees about version of symbol mlx5_core_reserved_gids_count
[  344.627871] mlx5_ib: Unknown symbol mlx5_core_reserved_gids_count (err -22)
[  344.627885] mlx5_ib: Unknown symbol mlx5_lag_get_peer_mdev (err -2)
[  344.627891] mlx5_ib: disagrees about version of symbol mlx5_debugfs_root
[  344.627892] mlx5_ib: Unknown symbol mlx5_debugfs_root (err -22)
[  344.627897] mlx5_ib: disagrees about version of symbol mlx5_core_modify_cq_moderation
[  344.627898] mlx5_ib: Unknown symbol mlx5_core_modify_cq_moderation (err -22)
[  344.627902] mlx5_ib: disagrees about version of symbol ib_umem_copy_from
[  344.627904] mlx5_ib: Unknown symbol ib_umem_copy_from (err -22)
[  344.627918] mlx5_ib: Unknown symbol mlx5_accel_esp_destroy_xfrm (err -2)
[  344.627922] mlx5_ib: disagrees about version of symbol mlx5_qp_debugfs_cleanup
[  344.627923] mlx5_ib: Unknown symbol mlx5_qp_debugfs_cleanup (err -22)
[  344.627926] mlx5_ib: disagrees about version of symbol mlx5_eq_disable
[  344.627928] mlx5_ib: Unknown symbol mlx5_eq_disable (err -22)
[  344.627931] mlx5_ib: disagrees about version of symbol mlx5_cmd_cleanup_async_ctx
[  344.627932] mlx5_ib: Unknown symbol mlx5_cmd_cleanup_async_ctx (err -22)
[  344.627948] mlx5_ib: Unknown symbol mlx5_cmd_free_uar (err -2)
[  344.627962] mlx5_ib: Unknown symbol mlx5_cmd_alloc_uar (err -2)
[  344.627966] mlx5_ib: disagrees about version of symbol mlx5_rl_remove_rate_raw
[  344.627967] mlx5_ib: Unknown symbol mlx5_rl_remove_rate_raw (err -22)
[  344.627971] mlx5_ib: disagrees about version of symbol rdma_roce_rescan_device
[  344.627973] mlx5_ib: Unknown symbol rdma_roce_rescan_device (err -22)
[  344.627986] mlx5_ib: Unknown symbol mlx5_core_query_ib_ppcnt (err -2)
[  344.627989] mlx5_ib: disagrees about version of symbol mlx5_alloc_bfreg
[  344.627991] mlx5_ib: Unknown symbol mlx5_alloc_bfreg (err -22)
[  344.627994] mlx5_ib: disagrees about version of symbol mlx5_eq_destroy_generic
[  344.627995] mlx5_ib: Unknown symbol mlx5_eq_destroy_generic (err -22)
[  344.628009] mlx5_ib: Unknown symbol mlx5_vector2eqn (err -2)
[  344.628015] mlx5_ib: disagrees about version of symbol mlx5_lag_is_active
[  344.628017] mlx5_ib: Unknown symbol mlx5_lag_is_active (err -22)
[  344.628020] mlx5_ib: disagrees about version of symbol mlx5_free_bfreg
[  344.628021] mlx5_ib: Unknown symbol mlx5_free_bfreg (err -22)
[  344.628025] mlx5_ib: disagrees about version of symbol mlx5_cmd_destroy_vport_lag
[  344.628026] mlx5_ib: Unknown symbol mlx5_cmd_destroy_vport_lag (err -22)
[  344.628030] mlx5_ib: disagrees about version of symbol ib_set_device_ops
[  344.628032] mlx5_ib: Unknown symbol ib_set_device_ops (err -22)
[  344.628036] mlx5_ib: disagrees about version of symbol rdma_user_mmap_entry_put
[  344.628037] mlx5_ib: Unknown symbol rdma_user_mmap_entry_put (err -22)
[  344.628041] mlx5_ib: disagrees about version of symbol mlx5_core_access_reg
[  344.628043] mlx5_ib: Unknown symbol mlx5_core_access_reg (err -22)
[  345.413392] mlx5_core d09b:00:02.0 enP53403s1: Link up
[  345.445502] hv_netvsc 002248ac-6c4a-0022-48ac-6c4a002248ac eth0: Data path switched to VF: enP53403s1
[ 1603.578685] hv_netvsc 002248ac-6c4a-0022-48ac-6c4a002248ac eth0: Data path switched from VF: enP53403s1
[ 1603.882562] hv_netvsc 002248ac-6c4a-0022-48ac-6c4a002248ac eth0: VF unregistering: enP53403s1
[ 1611.522706] Compat-mlnx-ofed backport release: f5ad9dd
[ 1611.522710] Backport based on https://:@git-nbu.nvidia.com/r/a/mlnx_ofed/mlnx-ofa_kernel-4.0.git f5ad9dd
[ 1611.522711] compat.git: https://:@git-nbu.nvidia.com/r/a/mlnx_ofed/mlnx-ofa_kernel-4.0.git
[ 1611.603901] mlx5_core 0101:00:00.0: firmware version: 20.31.1754
[ 1611.769804] mlx5_core 0102:00:00.0: firmware version: 20.31.1754
[ 1611.934801] mlx5_core 0103:00:00.0: firmware version: 20.31.1754
[ 1612.102607] mlx5_core 0104:00:00.0: firmware version: 20.31.1754
[ 1612.267060] mlx5_core 0105:00:00.0: firmware version: 20.31.1754
[ 1612.434051] mlx5_core 0106:00:00.0: firmware version: 20.31.1754
[ 1612.599882] mlx5_core 0107:00:00.0: firmware version: 20.31.1754
[ 1612.765979] mlx5_core 0108:00:00.0: firmware version: 20.31.1754
[ 1612.932370] mlx5_core d09b:00:02.0: firmware version: 14.30.5000
[ 1613.093892] mlx5_core d09b:00:02.0: MLX5E: StrdRq(0) RqSz(1024) StrdSz(256) RxCqeCmprss(0 basic)
[ 1613.179450] hv_netvsc 002248ac-6c4a-0022-48ac-6c4a002248ac eth0: VF registering: eth1
[ 1613.179544] mlx5_core d09b:00:02.0 eth1: joined to eth0
[ 1613.188732] mlx5_ib: disagrees about version of symbol mlx5_eswitch_add_send_to_vport_rule
[ 1613.188738] mlx5_ib: Unknown symbol mlx5_eswitch_add_send_to_vport_rule (err -22)
[ 1613.188757] mlx5_ib: disagrees about version of symbol mlx5_modify_header_alloc
[ 1613.188758] mlx5_ib: Unknown symbol mlx5_modify_header_alloc (err -22)
[ 1613.188770] mlx5_ib: disagrees about version of symbol mlx5_dm_sw_icm_dealloc
[ 1613.188772] mlx5_ib: Unknown symbol mlx5_dm_sw_icm_dealloc (err -22)
[ 1613.188788] mlx5_ib: disagrees about version of symbol ib_umem_release
[ 1613.188790] mlx5_ib: Unknown symbol ib_umem_release (err -22)
[ 1613.188799] mlx5_ib: disagrees about version of symbol mlx5_db_free
[ 1613.188801] mlx5_ib: Unknown symbol mlx5_db_free (err -22)
[ 1613.188820] mlx5_ib: disagrees about version of symbol mlx5_core_destroy_mkey
[ 1613.188822] mlx5_ib: Unknown symbol mlx5_core_destroy_mkey (err -22)
[ 1613.188831] mlx5_ib: disagrees about version of symbol mlx5_eswitch_mode
[ 1613.188832] mlx5_ib: Unknown symbol mlx5_eswitch_mode (err -22)
[ 1613.188875] mlx5_ib: disagrees about version of symbol mlx5_rl_add_rate_raw
[ 1613.188877] mlx5_ib: Unknown symbol mlx5_rl_add_rate_raw (err -22)
[ 1613.188885] mlx5_ib: disagrees about version of symbol mlx5_lag_query_cong_counters
[ 1613.188887] mlx5_ib: Unknown symbol mlx5_lag_query_cong_counters (err -22)
[ 1613.188898] mlx5_ib: disagrees about version of symbol uverbs_get_flags32
[ 1613.188899] mlx5_ib: Unknown symbol uverbs_get_flags32 (err -22)
[ 1613.188907] mlx5_ib: disagrees about version of symbol mlx5_rsc_dump_cmd_create
[ 1613.188909] mlx5_ib: Unknown symbol mlx5_rsc_dump_cmd_create (err -22)
[ 1613.188916] mlx5_ib: disagrees about version of symbol uverbs_idr_class
[ 1613.188918] mlx5_ib: Unknown symbol uverbs_idr_class (err -22)
[ 1613.188934] mlx5_ib: disagrees about version of symbol mlx5_core_destroy_psv
[ 1613.188936] mlx5_ib: Unknown symbol mlx5_core_destroy_psv (err -22)
[ 1613.188968] mlx5_ib: disagrees about version of symbol mlx5_eq_enable
[ 1613.188969] mlx5_ib: Unknown symbol mlx5_eq_enable (err -22)
[ 1613.188981] mlx5_ib: disagrees about version of symbol rdma_read_gid_l2_fields
[ 1613.188983] mlx5_ib: Unknown symbol rdma_read_gid_l2_fields (err -22)
[ 1613.189000] mlx5_ib: disagrees about version of symbol __ib_alloc_pd
[ 1613.189002] mlx5_ib: Unknown symbol __ib_alloc_pd (err -22)
[ 1613.189042] mlx5_ib: disagrees about version of symbol mlx5_query_nic_vport_qkey_viol_cntr
[ 1613.189044] mlx5_ib: Unknown symbol mlx5_query_nic_vport_qkey_viol_cntr (err -22)
[ 1613.189053] mlx5_ib: disagrees about version of symbol ib_modify_qp_is_ok
[ 1613.189054] mlx5_ib: Unknown symbol ib_modify_qp_is_ok (err -22)
[ 1613.189068] mlx5_ib: disagrees about version of symbol mlx5_nic_vport_update_local_lb
[ 1613.189070] mlx5_ib: Unknown symbol mlx5_nic_vport_update_local_lb (err -22)
[ 1613.189099] mlx5_ib: disagrees about version of symbol uverbs_uobject_fd_release
[ 1613.189100] mlx5_ib: Unknown symbol uverbs_uobject_fd_release (err -22)
[ 1613.189116] mlx5_ib: disagrees about version of symbol mlx5_core_create_psv
[ 1613.189117] mlx5_ib: Unknown symbol mlx5_core_create_psv (err -22)
[ 1613.189125] mlx5_ib: disagrees about version of symbol ib_umem_find_best_pgsz
[ 1613.189127] mlx5_ib: Unknown symbol ib_umem_find_best_pgsz (err -22)
[ 1613.189135] mlx5_ib: disagrees about version of symbol mlx5_core_modify_hca_vport_context
[ 1613.189137] mlx5_ib: Unknown symbol mlx5_core_modify_hca_vport_context (err -22)
[ 1613.189149] mlx5_ib: disagrees about version of symbol mlx5_rl_add_rate
[ 1613.189151] mlx5_ib: Unknown symbol mlx5_rl_add_rate (err -22)
[ 1613.189158] mlx5_ib: disagrees about version of symbol mlx5_eq_update_ci
[ 1613.189160] mlx5_ib: Unknown symbol mlx5_eq_update_ci (err -22)
[ 1613.189167] mlx5_ib: disagrees about version of symbol mlx5_create_auto_grouped_flow_table
[ 1613.189169] mlx5_ib: Unknown symbol mlx5_create_auto_grouped_flow_table (err -22)
[ 1613.189176] mlx5_ib: disagrees about version of symbol mlx5_core_create_mkey
[ 1613.189178] mlx5_ib: Unknown symbol mlx5_core_create_mkey (err -22)
[ 1613.189191] mlx5_ib: disagrees about version of symbol mlx5_debug_qp_add
[ 1613.189192] mlx5_ib: Unknown symbol mlx5_debug_qp_add (err -22)
[ 1613.189201] mlx5_ib: disagrees about version of symbol ib_sg_to_pages
[ 1613.189202] mlx5_ib: Unknown symbol ib_sg_to_pages (err -22)
[ 1613.189227] mlx5_ib: disagrees about version of symbol mlx5_fc_create
[ 1613.189229] mlx5_ib: Unknown symbol mlx5_fc_create (err -22)
[ 1613.189236] mlx5_ib: disagrees about version of symbol mlx5_core_create_rqt
[ 1613.189238] mlx5_ib: Unknown symbol mlx5_core_create_rqt (err -22)
[ 1613.189245] mlx5_ib: disagrees about version of symbol mlx5_query_hca_vport_node_guid
[ 1613.189247] mlx5_ib: Unknown symbol mlx5_query_hca_vport_node_guid (err -22)
[ 1613.189254] mlx5_ib: disagrees about version of symbol mlx5_core_query_vendor_id
[ 1613.189256] mlx5_ib: Unknown symbol mlx5_core_query_vendor_id (err -22)
[ 1613.189263] mlx5_ib: disagrees about version of symbol mlx5_modify_header_dealloc
[ 1613.189264] mlx5_ib: Unknown symbol mlx5_modify_header_dealloc (err -22)
[ 1613.189277] mlx5_ib: disagrees about version of symbol ib_umem_odp_alloc_child
[ 1613.189279] mlx5_ib: Unknown symbol ib_umem_odp_alloc_child (err -22)
[ 1613.189319] mlx5_ib: Unknown symbol mlx5_db_alloc (err -2)
[ 1613.189332] mlx5_ib: disagrees about version of symbol ib_process_cq_direct
[ 1613.189334] mlx5_ib: Unknown symbol ib_process_cq_direct (err -22)
[ 1613.189361] mlx5_ib: disagrees about version of symbol uverbs_finalize_uobj_create
[ 1613.189363] mlx5_ib: Unknown symbol uverbs_finalize_uobj_create (err -22)
[ 1613.189376] mlx5_ib: disagrees about version of symbol mlx5_eswitch_get_encap_mode
[ 1613.189378] mlx5_ib: Unknown symbol mlx5_eswitch_get_encap_mode (err -22)
[ 1613.189385] mlx5_ib: disagrees about version of symbol mlx5_rsc_dump_next
[ 1613.189386] mlx5_ib: Unknown symbol mlx5_rsc_dump_next (err -22)
[ 1613.189394] mlx5_ib: disagrees about version of symbol ib_query_qp
[ 1613.189396] mlx5_ib: Unknown symbol ib_query_qp (err -22)
[ 1613.189405] mlx5_ib: disagrees about version of symbol _ib_alloc_device
[ 1613.189406] mlx5_ib: Unknown symbol _ib_alloc_device (err -22)
[ 1613.189430] mlx5_ib: disagrees about version of symbol flow_resources_alloc
[ 1613.189432] mlx5_ib: Unknown symbol flow_resources_alloc (err -22)
[ 1613.189452] mlx5_ib: disagrees about version of symbol mlx5_core_query_rq
[ 1613.189454] mlx5_ib: Unknown symbol mlx5_core_query_rq (err -22)
[ 1613.189465] mlx5_ib: disagrees about version of symbol mlx5_packet_reformat_dealloc
[ 1613.189466] mlx5_ib: Unknown symbol mlx5_packet_reformat_dealloc (err -22)
[ 1613.189485] mlx5_ib: disagrees about version of symbol ib_umem_odp_alloc_implicit
[ 1613.189487] mlx5_ib: Unknown symbol ib_umem_odp_alloc_implicit (err -22)
[ 1613.189499] mlx5_ib: disagrees about version of symbol ib_destroy_srq_user
[ 1613.189501] mlx5_ib: Unknown symbol ib_destroy_srq_user (err -22)
[ 1613.189514] mlx5_ib: disagrees about version of symbol ib_unregister_device
[ 1613.189515] mlx5_ib: Unknown symbol ib_unregister_device (err -22)
[ 1613.189523] mlx5_ib: disagrees about version of symbol ib_find_cached_pkey
[ 1613.189524] mlx5_ib: Unknown symbol ib_find_cached_pkey (err -22)
[ 1613.189547] mlx5_ib: disagrees about version of symbol mlx5_cmd_exec
[ 1613.189548] mlx5_ib: Unknown symbol mlx5_cmd_exec (err -22)
[ 1613.189555] mlx5_ib: disagrees about version of symbol mlx5_eq_get_eqe
[ 1613.189557] mlx5_ib: Unknown symbol mlx5_eq_get_eqe (err -22)
[ 1613.189576] mlx5_ib: disagrees about version of symbol mlx5_rdma_rn_get_params
[ 1613.189578] mlx5_ib: Unknown symbol mlx5_rdma_rn_get_params (err -22)
[ 1613.189591] mlx5_ib: disagrees about version of symbol ib_register_device
[ 1613.189592] mlx5_ib: Unknown symbol ib_register_device (err -22)
[ 1613.189623] mlx5_ib: disagrees about version of symbol mlx5_debug_qp_remove
[ 1613.189624] mlx5_ib: Unknown symbol mlx5_debug_qp_remove (err -22)
[ 1613.189640] mlx5_ib: disagrees about version of symbol mlx5_eq_notifier_register
[ 1613.189642] mlx5_ib: Unknown symbol mlx5_eq_notifier_register (err -22)
[ 1613.189656] mlx5_ib: Unknown symbol mlx5_accel_esp_create_xfrm (err -2)
[ 1613.189667] mlx5_ib: disagrees about version of symbol mlx5_core_create_tis
[ 1613.189668] mlx5_ib: Unknown symbol mlx5_core_create_tis (err -22)
[ 1613.189675] mlx5_ib: disagrees about version of symbol mlx5_nic_vport_affiliate_multiport
[ 1613.189677] mlx5_ib: Unknown symbol mlx5_nic_vport_affiliate_multiport (err -22)
[ 1613.189695] mlx5_ib: disagrees about version of symbol mlx5_cmd_create_vport_lag
[ 1613.189697] mlx5_ib: Unknown symbol mlx5_cmd_create_vport_lag (err -22)
[ 1613.189707] mlx5_ib: disagrees about version of symbol mlx5_query_min_inline
[ 1613.189709] mlx5_ib: Unknown symbol mlx5_query_min_inline (err -22)
[ 1613.189724] mlx5_ib: disagrees about version of symbol mlx5_core_create_rq
[ 1613.189726] mlx5_ib: Unknown symbol mlx5_core_create_rq (err -22)
[ 1613.189732] mlx5_ib: disagrees about version of symbol mlx5_eswitch_get_vport_metadata_for_match
[ 1613.189734] mlx5_ib: Unknown symbol mlx5_eswitch_get_vport_metadata_for_match (err -22)
[ 1613.189748] mlx5_ib: disagrees about version of symbol mlx5_packet_reformat_alloc
[ 1613.189749] mlx5_ib: Unknown symbol mlx5_packet_reformat_alloc (err -22)
[ 1613.189760] mlx5_ib: disagrees about version of symbol ib_create_srq_user
[ 1613.189762] mlx5_ib: Unknown symbol ib_create_srq_user (err -22)
[ 1613.189769] mlx5_ib: disagrees about version of symbol rdma_user_mmap_entry_remove
[ 1613.189771] mlx5_ib: Unknown symbol rdma_user_mmap_entry_remove (err -22)
[ 1613.189778] mlx5_ib: disagrees about version of symbol _uverbs_get_const_unsigned
[ 1613.189779] mlx5_ib: Unknown symbol _uverbs_get_const_unsigned (err -22)
[ 1613.189786] mlx5_ib: disagrees about version of symbol ib_dispatch_event
[ 1613.189788] mlx5_ib: Unknown symbol ib_dispatch_event (err -22)
[ 1613.189802] mlx5_ib: Unknown symbol mlx5_accel_ipsec_device_caps (err -2)
[ 1613.189812] mlx5_ib: disagrees about version of symbol mlx5_lag_is_shared_fdb
[ 1613.189814] mlx5_ib: Unknown symbol mlx5_lag_is_shared_fdb (err -22)
[ 1613.189821] mlx5_ib: disagrees about version of symbol ib_umem_odp_release
[ 1613.189822] mlx5_ib: Unknown symbol ib_umem_odp_release (err -22)
[ 1613.189832] mlx5_ib: disagrees about version of symbol mlx5_query_nic_vport_system_image_guid
[ 1613.189834] mlx5_ib: Unknown symbol mlx5_query_nic_vport_system_image_guid (err -22)
[ 1613.189840] mlx5_ib: disagrees about version of symbol mlx5_eswitch_unregister_vport_reps
[ 1613.189841] mlx5_ib: Unknown symbol mlx5_eswitch_unregister_vport_reps (err -22)
[ 1613.189852] mlx5_ib: disagrees about version of symbol mlx5_notifier_register
[ 1613.189853] mlx5_ib: Unknown symbol mlx5_notifier_register (err -22)
[ 1613.189859] mlx5_ib: disagrees about version of symbol mlx5_core_create_cq
[ 1613.189861] mlx5_ib: Unknown symbol mlx5_core_create_cq (err -22)
[ 1613.189867] mlx5_ib: disagrees about version of symbol mlx5_dm_sw_icm_alloc
[ 1613.189868] mlx5_ib: Unknown symbol mlx5_dm_sw_icm_alloc (err -22)
[ 1613.189886] mlx5_ib: Unknown symbol mlx5_lag_get_roce_netdev (err -2)
[ 1613.189892] mlx5_ib: disagrees about version of symbol mlx5_add_flow_rules
[ 1613.189893] mlx5_ib: Unknown symbol mlx5_add_flow_rules (err -22)
[ 1613.189903] mlx5_ib: disagrees about version of symbol mlx5_destroy_flow_table
[ 1613.189905] mlx5_ib: Unknown symbol mlx5_destroy_flow_table (err -22)
[ 1613.189911] mlx5_ib: disagrees about version of symbol mlx5_eswitch_uplink_get_proto_dev
[ 1613.189912] mlx5_ib: Unknown symbol mlx5_eswitch_uplink_get_proto_dev (err -22)
[ 1613.189918] mlx5_ib: disagrees about version of symbol mlx5_get_flow_namespace
[ 1613.189919] mlx5_ib: Unknown symbol mlx5_get_flow_namespace (err -22)
[ 1613.189937] mlx5_ib: Unknown symbol mlx5_comp_vectors_count (err -2)
[ 1613.189955] mlx5_ib: disagrees about version of symbol ib_umem_odp_get
[ 1613.189956] mlx5_ib: Unknown symbol ib_umem_odp_get (err -22)
[ 1613.189966] mlx5_ib: disagrees about version of symbol mlx5_query_port_ptys
[ 1613.189967] mlx5_ib: Unknown symbol mlx5_query_port_ptys (err -22)
[ 1613.189984] mlx5_ib: disagrees about version of symbol mlx5_cmd_init_async_ctx
[ 1613.189985] mlx5_ib: Unknown symbol mlx5_cmd_init_async_ctx (err -22)
[ 1613.189991] mlx5_ib: disagrees about version of symbol mlx5_put_uars_page
[ 1613.189992] mlx5_ib: Unknown symbol mlx5_put_uars_page (err -22)
[ 1613.189998] mlx5_ib: disagrees about version of symbol mlx5_eq_create_generic
[ 1613.190000] mlx5_ib: Unknown symbol mlx5_eq_create_generic (err -22)
[ 1613.190005] mlx5_ib: disagrees about version of symbol mlx5_lag_get_slave_port
[ 1613.190006] mlx5_ib: Unknown symbol mlx5_lag_get_slave_port (err -22)
[ 1613.190016] mlx5_ib: disagrees about version of symbol mlx5_get_uars_page
[ 1613.190017] mlx5_ib: Unknown symbol mlx5_get_uars_page (err -22)
[ 1613.190023] mlx5_ib: disagrees about version of symbol ib_umem_dmabuf_map_pages
[ 1613.190025] mlx5_ib: Unknown symbol ib_umem_dmabuf_map_pages (err -22)
[ 1613.190030] mlx5_ib: disagrees about version of symbol mlx5_query_ib_port_oper
[ 1613.190032] mlx5_ib: Unknown symbol mlx5_query_ib_port_oper (err -22)
[ 1613.190038] mlx5_ib: disagrees about version of symbol ib_query_port
[ 1613.190040] mlx5_ib: Unknown symbol ib_query_port (err -22)
[ 1613.190046] mlx5_ib: disagrees about version of symbol __ib_alloc_cq
[ 1613.190048] mlx5_ib: Unknown symbol __ib_alloc_cq (err -22)
[ 1613.190054] mlx5_ib: disagrees about version of symbol mlx5_query_nic_vport_node_guid
[ 1613.190055] mlx5_ib: Unknown symbol mlx5_query_nic_vport_node_guid (err -22)
[ 1613.190072] mlx5_ib: disagrees about version of symbol mlx5_set_port_caps
[ 1613.190074] mlx5_ib: Unknown symbol mlx5_set_port_caps (err -22)
[ 1613.190083] mlx5_ib: disagrees about version of symbol rdma_user_mmap_entry_get_pgoff
[ 1613.190084] mlx5_ib: Unknown symbol rdma_user_mmap_entry_get_pgoff (err -22)
[ 1613.190089] mlx5_ib: disagrees about version of symbol mlx5_del_flow_rules
[ 1613.190091] mlx5_ib: Unknown symbol mlx5_del_flow_rules (err -22)
[ 1613.190099] mlx5_ib: disagrees about version of symbol ib_umem_odp_unmap_dma_pages
[ 1613.190100] mlx5_ib: Unknown symbol ib_umem_odp_unmap_dma_pages (err -22)
[ 1613.190111] mlx5_ib: disagrees about version of symbol mlx5_core_modify_sq
[ 1613.190112] mlx5_ib: Unknown symbol mlx5_core_modify_sq (err -22)
[ 1613.190125] mlx5_ib: disagrees about version of symbol ib_umem_dmabuf_get
[ 1613.190126] mlx5_ib: Unknown symbol ib_umem_dmabuf_get (err -22)
[ 1613.190132] mlx5_ib: disagrees about version of symbol mlx5_query_hca_vport_system_image_guid
[ 1613.190133] mlx5_ib: Unknown symbol mlx5_query_hca_vport_system_image_guid (err -22)
[ 1613.190139] mlx5_ib: disagrees about version of symbol mlx5_core_query_sq_state
[ 1613.190140] mlx5_ib: Unknown symbol mlx5_core_query_sq_state (err -22)
[ 1613.190150] mlx5_ib: disagrees about version of symbol ib_umem_stop_invalidation_notifier
[ 1613.190151] mlx5_ib: Unknown symbol ib_umem_stop_invalidation_notifier (err -22)
[ 1613.190157] mlx5_ib: disagrees about version of symbol mlx5_core_query_vport_counter
[ 1613.190158] mlx5_ib: Unknown symbol mlx5_core_query_vport_counter (err -22)
[ 1613.190164] mlx5_ib: disagrees about version of symbol ib_uverbs_get_ucontext_file
[ 1613.190166] mlx5_ib: Unknown symbol ib_uverbs_get_ucontext_file (err -22)
[ 1613.190178] mlx5_ib: disagrees about version of symbol __ib_create_cq
[ 1613.190180] mlx5_ib: Unknown symbol __ib_create_cq (err -22)
[ 1613.190188] mlx5_ib: disagrees about version of symbol mlx5_query_port_max_mtu
[ 1613.190190] mlx5_ib: Unknown symbol mlx5_query_port_max_mtu (err -22)
[ 1613.190196] mlx5_ib: disagrees about version of symbol ib_destroy_qp_user
[ 1613.190198] mlx5_ib: Unknown symbol ib_destroy_qp_user (err -22)
[ 1613.190203] mlx5_ib: disagrees about version of symbol mlx5_query_hca_vport_gid
[ 1613.190204] mlx5_ib: Unknown symbol mlx5_query_hca_vport_gid (err -22)
[ 1613.190210] mlx5_ib: disagrees about version of symbol mlx5_frag_buf_free
[ 1613.190211] mlx5_ib: Unknown symbol mlx5_frag_buf_free (err -22)
[ 1613.190216] mlx5_ib: disagrees about version of symbol mlx5_nic_vport_disable_roce
[ 1613.190218] mlx5_ib: Unknown symbol mlx5_nic_vport_disable_roce (err -22)
[ 1613.190224] mlx5_ib: disagrees about version of symbol uverbs_fd_class
[ 1613.190225] mlx5_ib: Unknown symbol uverbs_fd_class (err -22)
[ 1613.190236] mlx5_ib: disagrees about version of symbol mlx5_notifier_unregister
[ 1613.190237] mlx5_ib: Unknown symbol mlx5_notifier_unregister (err -22)
[ 1613.190248] mlx5_ib: disagrees about version of symbol mlx5_create_lag_demux_flow_table
[ 1613.190249] mlx5_ib: Unknown symbol mlx5_create_lag_demux_flow_table (err -22)
[ 1613.190263] mlx5_ib: Unknown symbol mlx5_accel_esp_modify_xfrm (err -2)
[ 1613.190268] mlx5_ib: disagrees about version of symbol mlx5_cmd_exec_cb
[ 1613.190270] mlx5_ib: Unknown symbol mlx5_cmd_exec_cb (err -22)
[ 1613.190281] mlx5_ib: disagrees about version of symbol mlx5_rl_remove_rate
[ 1613.190283] mlx5_ib: Unknown symbol mlx5_rl_remove_rate (err -22)
[ 1613.190300] mlx5_ib: disagrees about version of symbol mlx5_eswitch_register_vport_reps
[ 1613.190302] mlx5_ib: Unknown symbol mlx5_eswitch_register_vport_reps (err -22)
[ 1613.190312] mlx5_ib: disagrees about version of symbol mlx5_core_modify_cq
[ 1613.190313] mlx5_ib: Unknown symbol mlx5_core_modify_cq (err -22)
[ 1613.190318] mlx5_ib: disagrees about version of symbol ib_umem_activate_invalidation_notifier
[ 1613.190320] mlx5_ib: Unknown symbol ib_umem_activate_invalidation_notifier (err -22)
[ 1613.190325] mlx5_ib: disagrees about version of symbol mlx5_eswitch_vport_match_metadata_enabled
[ 1613.190326] mlx5_ib: Unknown symbol mlx5_eswitch_vport_match_metadata_enabled (err -22)
[ 1613.190332] mlx5_ib: disagrees about version of symbol ib_dealloc_device
[ 1613.190333] mlx5_ib: Unknown symbol ib_dealloc_device (err -22)
[ 1613.190338] mlx5_ib: disagrees about version of symbol mlx5_fc_query
[ 1613.190340] mlx5_ib: Unknown symbol mlx5_fc_query (err -22)
[ 1613.190345] mlx5_ib: disagrees about version of symbol ib_destroy_cq_user
[ 1613.190346] mlx5_ib: Unknown symbol ib_destroy_cq_user (err -22)
[ 1613.190352] mlx5_ib: disagrees about version of symbol rdma_user_mmap_io
[ 1613.190354] mlx5_ib: Unknown symbol rdma_user_mmap_io (err -22)
[ 1613.190368] mlx5_ib: disagrees about version of symbol ib_modify_qp
[ 1613.190369] mlx5_ib: Unknown symbol ib_modify_qp (err -22)
[ 1613.190374] mlx5_ib: disagrees about version of symbol mlx5_eswitch_get_core_dev
[ 1613.190375] mlx5_ib: Unknown symbol mlx5_eswitch_get_core_dev (err -22)
[ 1613.190392] mlx5_ib: disagrees about version of symbol rdma_user_mmap_entry_insert_range
[ 1613.190393] mlx5_ib: Unknown symbol rdma_user_mmap_entry_insert_range (err -22)
[ 1613.190415] mlx5_ib: disagrees about version of symbol ib_umem_dmabuf_unmap_pages
[ 1613.190417] mlx5_ib: Unknown symbol ib_umem_dmabuf_unmap_pages (err -22)
[ 1613.190422] mlx5_ib: disagrees about version of symbol ib_umem_get_peer
[ 1613.190423] mlx5_ib: Unknown symbol ib_umem_get_peer (err -22)
[ 1613.190431] mlx5_ib: disagrees about version of symbol mlx5_eswitch_get_proto_dev
[ 1613.190432] mlx5_ib: Unknown symbol mlx5_eswitch_get_proto_dev (err -22)
[ 1613.190443] mlx5_ib: disagrees about version of symbol uverbs_copy_to_struct_or_zero
[ 1613.190444] mlx5_ib: Unknown symbol uverbs_copy_to_struct_or_zero (err -22)
[ 1613.190449] mlx5_ib: disagrees about version of symbol ib_uverbs_flow_resources_free
[ 1613.190451] mlx5_ib: Unknown symbol ib_uverbs_flow_resources_free (err -22)
[ 1613.190460] mlx5_ib: disagrees about version of symbol ib_umem_odp_map_dma_and_lock
[ 1613.190461] mlx5_ib: Unknown symbol ib_umem_odp_map_dma_and_lock (err -22)
[ 1613.190469] mlx5_ib: disagrees about version of symbol ib_free_cq
[ 1613.190471] mlx5_ib: Unknown symbol ib_free_cq (err -22)
[ 1613.190477] mlx5_ib: disagrees about version of symbol mlx5_eq_notifier_unregister
[ 1613.190479] mlx5_ib: Unknown symbol mlx5_eq_notifier_unregister (err -22)
[ 1613.190483] mlx5_ib: disagrees about version of symbol mlx5_query_port_vl_hw_cap
[ 1613.190484] mlx5_ib: Unknown symbol mlx5_query_port_vl_hw_cap (err -22)
[ 1613.190489] mlx5_ib: disagrees about version of symbol mlx5_query_hca_vport_pkey
[ 1613.190490] mlx5_ib: Unknown symbol mlx5_query_hca_vport_pkey (err -22)
[ 1613.190503] mlx5_ib: disagrees about version of symbol mlx5_frag_buf_alloc_node
[ 1613.190504] mlx5_ib: Unknown symbol mlx5_frag_buf_alloc_node (err -22)
[ 1613.190519] mlx5_ib: disagrees about version of symbol _uverbs_alloc
[ 1613.190521] mlx5_ib: Unknown symbol _uverbs_alloc (err -22)
[ 1613.190524] mlx5_ib: disagrees about version of symbol mlx5_fc_destroy
[ 1613.190526] mlx5_ib: Unknown symbol mlx5_fc_destroy (err -22)
[ 1613.190534] mlx5_ib: disagrees about version of symbol mlx5_lag_is_master
[ 1613.190535] mlx5_ib: Unknown symbol mlx5_lag_is_master (err -22)
[ 1613.190541] mlx5_ib: disagrees about version of symbol mlx5_nic_vport_unaffiliate_multiport
[ 1613.190543] mlx5_ib: Unknown symbol mlx5_nic_vport_unaffiliate_multiport (err -22)
[ 1613.190552] mlx5_ib: disagrees about version of symbol mlx5_query_hca_vport_context
[ 1613.190554] mlx5_ib: Unknown symbol mlx5_query_hca_vport_context (err -22)
[ 1613.190559] mlx5_ib: disagrees about version of symbol ib_query_pkey
[ 1613.190560] mlx5_ib: Unknown symbol ib_query_pkey (err -22)
[ 1613.190567] mlx5_ib: disagrees about version of symbol uverbs_uobject_put
[ 1613.190568] mlx5_ib: Unknown symbol uverbs_uobject_put (err -22)
[ 1613.190572] mlx5_ib: disagrees about version of symbol mlx5_core_roce_gid_set
[ 1613.190574] mlx5_ib: Unknown symbol mlx5_core_roce_gid_set (err -22)
[ 1613.190586] mlx5_ib: disagrees about version of symbol mlx5_query_port_oper_mtu
[ 1613.190588] mlx5_ib: Unknown symbol mlx5_query_port_oper_mtu (err -22)
[ 1613.190592] mlx5_ib: disagrees about version of symbol mlx5_nic_vport_enable_roce
[ 1613.190593] mlx5_ib: Unknown symbol mlx5_nic_vport_enable_roce (err -22)
[ 1613.190598] mlx5_ib: disagrees about version of symbol ib_port_immutable_read
[ 1613.190599] mlx5_ib: Unknown symbol ib_port_immutable_read (err -22)
[ 1613.190605] mlx5_ib: disagrees about version of symbol ib_create_qp_kernel
[ 1613.190607] mlx5_ib: Unknown symbol ib_create_qp_kernel (err -22)
[ 1613.190614] mlx5_ib: disagrees about version of symbol uverbs_copy_to
[ 1613.190615] mlx5_ib: Unknown symbol uverbs_copy_to (err -22)
[ 1613.190626] mlx5_ib: disagrees about version of symbol flow_resources_add
[ 1613.190628] mlx5_ib: Unknown symbol flow_resources_add (err -22)
[ 1613.190632] mlx5_ib: disagrees about version of symbol mlx5_core_modify_rq
[ 1613.190633] mlx5_ib: Unknown symbol mlx5_core_modify_rq (err -22)
[ 1613.190637] mlx5_ib: disagrees about version of symbol mlx5_core_query_mkey
[ 1613.190638] mlx5_ib: Unknown symbol mlx5_core_query_mkey (err -22)
[ 1613.190649] mlx5_ib: disagrees about version of symbol uverbs_destroy_def_handler
[ 1613.190651] mlx5_ib: Unknown symbol uverbs_destroy_def_handler (err -22)
[ 1613.190654] mlx5_ib: disagrees about version of symbol mlx5_qp_debugfs_init
[ 1613.190656] mlx5_ib: Unknown symbol mlx5_qp_debugfs_init (err -22)
[ 1613.190661] mlx5_ib: disagrees about version of symbol ib_dealloc_pd_user
[ 1613.190662] mlx5_ib: Unknown symbol ib_dealloc_pd_user (err -22)
[ 1613.190665] mlx5_ib: disagrees about version of symbol mlx5_core_modify_tis
[ 1613.190667] mlx5_ib: Unknown symbol mlx5_core_modify_tis (err -22)
[ 1613.190671] mlx5_ib: disagrees about version of symbol rdma_port_get_link_layer
[ 1613.190673] mlx5_ib: Unknown symbol rdma_port_get_link_layer (err -22)
[ 1613.190677] mlx5_ib: disagrees about version of symbol uverbs_get_flags64
[ 1613.190678] mlx5_ib: Unknown symbol uverbs_get_flags64 (err -22)
[ 1613.190687] mlx5_ib: disagrees about version of symbol mlx5_eswitch_get_total_vports
[ 1613.190689] mlx5_ib: Unknown symbol mlx5_eswitch_get_total_vports (err -22)
[ 1613.190692] mlx5_ib: disagrees about version of symbol mlx5_core_destroy_cq
[ 1613.190693] mlx5_ib: Unknown symbol mlx5_core_destroy_cq (err -22)
[ 1613.190697] mlx5_ib: disagrees about version of symbol mlx5_core_reserved_gids_count
[ 1613.190699] mlx5_ib: Unknown symbol mlx5_core_reserved_gids_count (err -22)
[ 1613.190713] mlx5_ib: Unknown symbol mlx5_lag_get_peer_mdev (err -2)
[ 1613.190719] mlx5_ib: disagrees about version of symbol mlx5_debugfs_root
[ 1613.190720] mlx5_ib: Unknown symbol mlx5_debugfs_root (err -22)
[ 1613.190725] mlx5_ib: disagrees about version of symbol mlx5_core_modify_cq_moderation
[ 1613.190726] mlx5_ib: Unknown symbol mlx5_core_modify_cq_moderation (err -22)
[ 1613.190730] mlx5_ib: disagrees about version of symbol ib_umem_copy_from
[ 1613.190732] mlx5_ib: Unknown symbol ib_umem_copy_from (err -22)
[ 1613.190746] mlx5_ib: Unknown symbol mlx5_accel_esp_destroy_xfrm (err -2)
[ 1613.190750] mlx5_ib: disagrees about version of symbol mlx5_qp_debugfs_cleanup
[ 1613.190751] mlx5_ib: Unknown symbol mlx5_qp_debugfs_cleanup (err -22)
[ 1613.190754] mlx5_ib: disagrees about version of symbol mlx5_eq_disable
[ 1613.190756] mlx5_ib: Unknown symbol mlx5_eq_disable (err -22)
[ 1613.190759] mlx5_ib: disagrees about version of symbol mlx5_cmd_cleanup_async_ctx
[ 1613.190760] mlx5_ib: Unknown symbol mlx5_cmd_cleanup_async_ctx (err -22)
[ 1613.190776] mlx5_ib: Unknown symbol mlx5_cmd_free_uar (err -2)
[ 1613.190789] mlx5_ib: Unknown symbol mlx5_cmd_alloc_uar (err -2)
[ 1613.190793] mlx5_ib: disagrees about version of symbol mlx5_rl_remove_rate_raw
[ 1613.190795] mlx5_ib: Unknown symbol mlx5_rl_remove_rate_raw (err -22)
[ 1613.190799] mlx5_ib: disagrees about version of symbol rdma_roce_rescan_device
[ 1613.190800] mlx5_ib: Unknown symbol rdma_roce_rescan_device (err -22)
[ 1613.190814] mlx5_ib: Unknown symbol mlx5_core_query_ib_ppcnt (err -2)
[ 1613.190817] mlx5_ib: disagrees about version of symbol mlx5_alloc_bfreg
[ 1613.190818] mlx5_ib: Unknown symbol mlx5_alloc_bfreg (err -22)
[ 1613.190821] mlx5_ib: disagrees about version of symbol mlx5_eq_destroy_generic
[ 1613.190823] mlx5_ib: Unknown symbol mlx5_eq_destroy_generic (err -22)
[ 1613.190836] mlx5_ib: Unknown symbol mlx5_vector2eqn (err -2)
[ 1613.190843] mlx5_ib: disagrees about version of symbol mlx5_lag_is_active
[ 1613.190844] mlx5_ib: Unknown symbol mlx5_lag_is_active (err -22)
[ 1613.190847] mlx5_ib: disagrees about version of symbol mlx5_free_bfreg
[ 1613.190849] mlx5_ib: Unknown symbol mlx5_free_bfreg (err -22)
[ 1613.190853] mlx5_ib: disagrees about version of symbol mlx5_cmd_destroy_vport_lag
[ 1613.190854] mlx5_ib: Unknown symbol mlx5_cmd_destroy_vport_lag (err -22)
[ 1613.190858] mlx5_ib: disagrees about version of symbol ib_set_device_ops
[ 1613.190859] mlx5_ib: Unknown symbol ib_set_device_ops (err -22)
[ 1613.190864] mlx5_ib: disagrees about version of symbol rdma_user_mmap_entry_put
[ 1613.190865] mlx5_ib: Unknown symbol rdma_user_mmap_entry_put (err -22)
[ 1613.190869] mlx5_ib: disagrees about version of symbol mlx5_core_access_reg
[ 1613.190870] mlx5_ib: Unknown symbol mlx5_core_access_reg (err -22)
[ 1613.195541] mlx5_core d09b:00:02.0 enP53403s1: renamed from eth1
[ 1613.245214] mlx5_ib: disagrees about version of symbol mlx5_eswitch_add_send_to_vport_rule
[ 1613.245219] mlx5_ib: Unknown symbol mlx5_eswitch_add_send_to_vport_rule (err -22)
[ 1613.245238] mlx5_ib: disagrees about version of symbol mlx5_modify_header_alloc
[ 1613.245240] mlx5_ib: Unknown symbol mlx5_modify_header_alloc (err -22)
[ 1613.245251] mlx5_ib: disagrees about version of symbol mlx5_dm_sw_icm_dealloc
[ 1613.245253] mlx5_ib: Unknown symbol mlx5_dm_sw_icm_dealloc (err -22)
[ 1613.245272] mlx5_ib: disagrees about version of symbol ib_umem_release
[ 1613.245274] mlx5_ib: Unknown symbol ib_umem_release (err -22)
[ 1613.245284] mlx5_ib: disagrees about version of symbol mlx5_db_free
[ 1613.245286] mlx5_ib: Unknown symbol mlx5_db_free (err -22)
[ 1613.245306] mlx5_ib: disagrees about version of symbol mlx5_core_destroy_mkey
[ 1613.245307] mlx5_ib: Unknown symbol mlx5_core_destroy_mkey (err -22)
[ 1613.245317] mlx5_ib: disagrees about version of symbol mlx5_eswitch_mode
[ 1613.245319] mlx5_ib: Unknown symbol mlx5_eswitch_mode (err -22)
[ 1613.245366] mlx5_ib: disagrees about version of symbol mlx5_rl_add_rate_raw
[ 1613.245368] mlx5_ib: Unknown symbol mlx5_rl_add_rate_raw (err -22)
[ 1613.245376] mlx5_ib: disagrees about version of symbol mlx5_lag_query_cong_counters
[ 1613.245378] mlx5_ib: Unknown symbol mlx5_lag_query_cong_counters (err -22)
[ 1613.245393] mlx5_ib: disagrees about version of symbol uverbs_get_flags32
[ 1613.245394] mlx5_ib: Unknown symbol uverbs_get_flags32 (err -22)
[ 1613.245403] mlx5_ib: disagrees about version of symbol mlx5_rsc_dump_cmd_create
[ 1613.245405] mlx5_ib: Unknown symbol mlx5_rsc_dump_cmd_create (err -22)
[ 1613.245413] mlx5_ib: disagrees about version of symbol uverbs_idr_class
[ 1613.245415] mlx5_ib: Unknown symbol uverbs_idr_class (err -22)
[ 1613.245433] mlx5_ib: disagrees about version of symbol mlx5_core_destroy_psv
[ 1613.245435] mlx5_ib: Unknown symbol mlx5_core_destroy_psv (err -22)
[ 1613.245472] mlx5_ib: disagrees about version of symbol mlx5_eq_enable
[ 1613.245473] mlx5_ib: Unknown symbol mlx5_eq_enable (err -22)
[ 1613.245486] mlx5_ib: disagrees about version of symbol rdma_read_gid_l2_fields
[ 1613.245487] mlx5_ib: Unknown symbol rdma_read_gid_l2_fields (err -22)
[ 1613.245506] mlx5_ib: disagrees about version of symbol __ib_alloc_pd
[ 1613.245507] mlx5_ib: Unknown symbol __ib_alloc_pd (err -22)
[ 1613.245548] mlx5_ib: disagrees about version of symbol mlx5_query_nic_vport_qkey_viol_cntr
[ 1613.245550] mlx5_ib: Unknown symbol mlx5_query_nic_vport_qkey_viol_cntr (err -22)
[ 1613.245560] mlx5_ib: disagrees about version of symbol ib_modify_qp_is_ok
[ 1613.245562] mlx5_ib: Unknown symbol ib_modify_qp_is_ok (err -22)
[ 1613.245576] mlx5_ib: disagrees about version of symbol mlx5_nic_vport_update_local_lb
[ 1613.245578] mlx5_ib: Unknown symbol mlx5_nic_vport_update_local_lb (err -22)
[ 1613.245609] mlx5_ib: disagrees about version of symbol uverbs_uobject_fd_release
[ 1613.245610] mlx5_ib: Unknown symbol uverbs_uobject_fd_release (err -22)
[ 1613.245628] mlx5_ib: disagrees about version of symbol mlx5_core_create_psv
[ 1613.245629] mlx5_ib: Unknown symbol mlx5_core_create_psv (err -22)
[ 1613.245638] mlx5_ib: disagrees about version of symbol ib_umem_find_best_pgsz
[ 1613.245640] mlx5_ib: Unknown symbol ib_umem_find_best_pgsz (err -22)
[ 1613.245648] mlx5_ib: disagrees about version of symbol mlx5_core_modify_hca_vport_context
[ 1613.245650] mlx5_ib: Unknown symbol mlx5_core_modify_hca_vport_context (err -22)
[ 1613.245663] mlx5_ib: disagrees about version of symbol mlx5_rl_add_rate
[ 1613.245664] mlx5_ib: Unknown symbol mlx5_rl_add_rate (err -22)
[ 1613.245672] mlx5_ib: disagrees about version of symbol mlx5_eq_update_ci
[ 1613.245674] mlx5_ib: Unknown symbol mlx5_eq_update_ci (err -22)
[ 1613.245682] mlx5_ib: disagrees about version of symbol mlx5_create_auto_grouped_flow_table
[ 1613.245684] mlx5_ib: Unknown symbol mlx5_create_auto_grouped_flow_table (err -22)
[ 1613.245692] mlx5_ib: disagrees about version of symbol mlx5_core_create_mkey
[ 1613.245694] mlx5_ib: Unknown symbol mlx5_core_create_mkey (err -22)
[ 1613.245707] mlx5_ib: disagrees about version of symbol mlx5_debug_qp_add
[ 1613.245708] mlx5_ib: Unknown symbol mlx5_debug_qp_add (err -22)
[ 1613.245717] mlx5_ib: disagrees about version of symbol ib_sg_to_pages
[ 1613.245719] mlx5_ib: Unknown symbol ib_sg_to_pages (err -22)
[ 1613.245746] mlx5_ib: disagrees about version of symbol mlx5_fc_create
[ 1613.245748] mlx5_ib: Unknown symbol mlx5_fc_create (err -22)
[ 1613.245755] mlx5_ib: disagrees about version of symbol mlx5_core_create_rqt
[ 1613.245757] mlx5_ib: Unknown symbol mlx5_core_create_rqt (err -22)
[ 1613.245765] mlx5_ib: disagrees about version of symbol mlx5_query_hca_vport_node_guid
[ 1613.245767] mlx5_ib: Unknown symbol mlx5_query_hca_vport_node_guid (err -22)
[ 1613.245775] mlx5_ib: disagrees about version of symbol mlx5_core_query_vendor_id
[ 1613.245777] mlx5_ib: Unknown symbol mlx5_core_query_vendor_id (err -22)
[ 1613.245784] mlx5_ib: disagrees about version of symbol mlx5_modify_header_dealloc
[ 1613.245785] mlx5_ib: Unknown symbol mlx5_modify_header_dealloc (err -22)
[ 1613.245799] mlx5_ib: disagrees about version of symbol ib_umem_odp_alloc_child
[ 1613.245801] mlx5_ib: Unknown symbol ib_umem_odp_alloc_child (err -22)
[ 1613.245840] mlx5_ib: Unknown symbol mlx5_db_alloc (err -2)
[ 1613.245854] mlx5_ib: disagrees about version of symbol ib_process_cq_direct
[ 1613.245856] mlx5_ib: Unknown symbol ib_process_cq_direct (err -22)
[ 1613.245888] mlx5_ib: disagrees about version of symbol uverbs_finalize_uobj_create
[ 1613.245889] mlx5_ib: Unknown symbol uverbs_finalize_uobj_create (err -22)
[ 1613.245904] mlx5_ib: disagrees about version of symbol mlx5_eswitch_get_encap_mode
[ 1613.245906] mlx5_ib: Unknown symbol mlx5_eswitch_get_encap_mode (err -22)
[ 1613.245913] mlx5_ib: disagrees about version of symbol mlx5_rsc_dump_next
[ 1613.245915] mlx5_ib: Unknown symbol mlx5_rsc_dump_next (err -22)
[ 1613.245923] mlx5_ib: disagrees about version of symbol ib_query_qp
[ 1613.245925] mlx5_ib: Unknown symbol ib_query_qp (err -22)
[ 1613.245934] mlx5_ib: disagrees about version of symbol _ib_alloc_device
[ 1613.245936] mlx5_ib: Unknown symbol _ib_alloc_device (err -22)
[ 1613.245962] mlx5_ib: disagrees about version of symbol flow_resources_alloc
[ 1613.245964] mlx5_ib: Unknown symbol flow_resources_alloc (err -22)
[ 1613.245985] mlx5_ib: disagrees about version of symbol mlx5_core_query_rq
[ 1613.245986] mlx5_ib: Unknown symbol mlx5_core_query_rq (err -22)
[ 1613.245998] mlx5_ib: disagrees about version of symbol mlx5_packet_reformat_dealloc
[ 1613.246000] mlx5_ib: Unknown symbol mlx5_packet_reformat_dealloc (err -22)
[ 1613.246020] mlx5_ib: disagrees about version of symbol ib_umem_odp_alloc_implicit
[ 1613.246022] mlx5_ib: Unknown symbol ib_umem_odp_alloc_implicit (err -22)
[ 1613.246035] mlx5_ib: disagrees about version of symbol ib_destroy_srq_user
[ 1613.246037] mlx5_ib: Unknown symbol ib_destroy_srq_user (err -22)
[ 1613.246050] mlx5_ib: disagrees about version of symbol ib_unregister_device
[ 1613.246051] mlx5_ib: Unknown symbol ib_unregister_device (err -22)
[ 1613.246059] mlx5_ib: disagrees about version of symbol ib_find_cached_pkey
[ 1613.246061] mlx5_ib: Unknown symbol ib_find_cached_pkey (err -22)
[ 1613.246086] mlx5_ib: disagrees about version of symbol mlx5_cmd_exec
[ 1613.246087] mlx5_ib: Unknown symbol mlx5_cmd_exec (err -22)
[ 1613.246094] mlx5_ib: disagrees about version of symbol mlx5_eq_get_eqe
[ 1613.246096] mlx5_ib: Unknown symbol mlx5_eq_get_eqe (err -22)
[ 1613.246115] mlx5_ib: disagrees about version of symbol mlx5_rdma_rn_get_params
[ 1613.246117] mlx5_ib: Unknown symbol mlx5_rdma_rn_get_params (err -22)
[ 1613.246130] mlx5_ib: disagrees about version of symbol ib_register_device
[ 1613.246131] mlx5_ib: Unknown symbol ib_register_device (err -22)
[ 1613.246164] mlx5_ib: disagrees about version of symbol mlx5_debug_qp_remove
[ 1613.246165] mlx5_ib: Unknown symbol mlx5_debug_qp_remove (err -22)
[ 1613.246182] mlx5_ib: disagrees about version of symbol mlx5_eq_notifier_register
[ 1613.246184] mlx5_ib: Unknown symbol mlx5_eq_notifier_register (err -22)
[ 1613.246198] mlx5_ib: Unknown symbol mlx5_accel_esp_create_xfrm (err -2)
[ 1613.246209] mlx5_ib: disagrees about version of symbol mlx5_core_create_tis
[ 1613.246211] mlx5_ib: Unknown symbol mlx5_core_create_tis (err -22)
[ 1613.246218] mlx5_ib: disagrees about version of symbol mlx5_nic_vport_affiliate_multiport
[ 1613.246220] mlx5_ib: Unknown symbol mlx5_nic_vport_affiliate_multiport (err -22)
[ 1613.246238] mlx5_ib: disagrees about version of symbol mlx5_cmd_create_vport_lag
[ 1613.246240] mlx5_ib: Unknown symbol mlx5_cmd_create_vport_lag (err -22)
[ 1613.246251] mlx5_ib: disagrees about version of symbol mlx5_query_min_inline
[ 1613.246252] mlx5_ib: Unknown symbol mlx5_query_min_inline (err -22)
[ 1613.246268] mlx5_ib: disagrees about version of symbol mlx5_core_create_rq
[ 1613.246269] mlx5_ib: Unknown symbol mlx5_core_create_rq (err -22)
[ 1613.246276] mlx5_ib: disagrees about version of symbol mlx5_eswitch_get_vport_metadata_for_match
[ 1613.246277] mlx5_ib: Unknown symbol mlx5_eswitch_get_vport_metadata_for_match (err -22)
[ 1613.246292] mlx5_ib: disagrees about version of symbol mlx5_packet_reformat_alloc
[ 1613.246293] mlx5_ib: Unknown symbol mlx5_packet_reformat_alloc (err -22)
[ 1613.246305] mlx5_ib: disagrees about version of symbol ib_create_srq_user
[ 1613.246307] mlx5_ib: Unknown symbol ib_create_srq_user (err -22)
[ 1613.246315] mlx5_ib: disagrees about version of symbol rdma_user_mmap_entry_remove
[ 1613.246316] mlx5_ib: Unknown symbol rdma_user_mmap_entry_remove (err -22)
[ 1613.246323] mlx5_ib: disagrees about version of symbol _uverbs_get_const_unsigned
[ 1613.246325] mlx5_ib: Unknown symbol _uverbs_get_const_unsigned (err -22)
[ 1613.246332] mlx5_ib: disagrees about version of symbol ib_dispatch_event
[ 1613.246333] mlx5_ib: Unknown symbol ib_dispatch_event (err -22)
[ 1613.246348] mlx5_ib: Unknown symbol mlx5_accel_ipsec_device_caps (err -2)
[ 1613.246359] mlx5_ib: disagrees about version of symbol mlx5_lag_is_shared_fdb
[ 1613.246360] mlx5_ib: Unknown symbol mlx5_lag_is_shared_fdb (err -22)
[ 1613.246367] mlx5_ib: disagrees about version of symbol ib_umem_odp_release
[ 1613.246369] mlx5_ib: Unknown symbol ib_umem_odp_release (err -22)
[ 1613.246379] mlx5_ib: disagrees about version of symbol mlx5_query_nic_vport_system_image_guid
[ 1613.246381] mlx5_ib: Unknown symbol mlx5_query_nic_vport_system_image_guid (err -22)
[ 1613.246388] mlx5_ib: disagrees about version of symbol mlx5_eswitch_unregister_vport_reps
[ 1613.246389] mlx5_ib: Unknown symbol mlx5_eswitch_unregister_vport_reps (err -22)
[ 1613.246401] mlx5_ib: disagrees about version of symbol mlx5_notifier_register
[ 1613.246402] mlx5_ib: Unknown symbol mlx5_notifier_register (err -22)
[ 1613.246409] mlx5_ib: disagrees about version of symbol mlx5_core_create_cq
[ 1613.246410] mlx5_ib: Unknown symbol mlx5_core_create_cq (err -22)
[ 1613.246416] mlx5_ib: disagrees about version of symbol mlx5_dm_sw_icm_alloc
[ 1613.246418] mlx5_ib: Unknown symbol mlx5_dm_sw_icm_alloc (err -22)
[ 1613.246436] mlx5_ib: Unknown symbol mlx5_lag_get_roce_netdev (err -2)
[ 1613.246442] mlx5_ib: disagrees about version of symbol mlx5_add_flow_rules
[ 1613.246444] mlx5_ib: Unknown symbol mlx5_add_flow_rules (err -22)
[ 1613.246454] mlx5_ib: disagrees about version of symbol mlx5_destroy_flow_table
[ 1613.246456] mlx5_ib: Unknown symbol mlx5_destroy_flow_table (err -22)
[ 1613.246462] mlx5_ib: disagrees about version of symbol mlx5_eswitch_uplink_get_proto_dev
[ 1613.246464] mlx5_ib: Unknown symbol mlx5_eswitch_uplink_get_proto_dev (err -22)
[ 1613.246469] mlx5_ib: disagrees about version of symbol mlx5_get_flow_namespace
[ 1613.246471] mlx5_ib: Unknown symbol mlx5_get_flow_namespace (err -22)
[ 1613.246490] mlx5_ib: Unknown symbol mlx5_comp_vectors_count (err -2)
[ 1613.246509] mlx5_ib: disagrees about version of symbol ib_umem_odp_get
[ 1613.246510] mlx5_ib: Unknown symbol ib_umem_odp_get (err -22)
[ 1613.246523] mlx5_ib: disagrees about version of symbol mlx5_query_port_ptys
[ 1613.246524] mlx5_ib: Unknown symbol mlx5_query_port_ptys (err -22)
[ 1613.246544] mlx5_ib: disagrees about version of symbol mlx5_cmd_init_async_ctx
[ 1613.246546] mlx5_ib: Unknown symbol mlx5_cmd_init_async_ctx (err -22)
[ 1613.246552] mlx5_ib: disagrees about version of symbol mlx5_put_uars_page
[ 1613.246553] mlx5_ib: Unknown symbol mlx5_put_uars_page (err -22)
[ 1613.246559] mlx5_ib: disagrees about version of symbol mlx5_eq_create_generic
[ 1613.246561] mlx5_ib: Unknown symbol mlx5_eq_create_generic (err -22)
[ 1613.246566] mlx5_ib: disagrees about version of symbol mlx5_lag_get_slave_port
[ 1613.246568] mlx5_ib: Unknown symbol mlx5_lag_get_slave_port (err -22)
[ 1613.246578] mlx5_ib: disagrees about version of symbol mlx5_get_uars_page
[ 1613.246579] mlx5_ib: Unknown symbol mlx5_get_uars_page (err -22)
[ 1613.246586] mlx5_ib: disagrees about version of symbol ib_umem_dmabuf_map_pages
[ 1613.246588] mlx5_ib: Unknown symbol ib_umem_dmabuf_map_pages (err -22)
[ 1613.246593] mlx5_ib: disagrees about version of symbol mlx5_query_ib_port_oper
[ 1613.246595] mlx5_ib: Unknown symbol mlx5_query_ib_port_oper (err -22)
[ 1613.246601] mlx5_ib: disagrees about version of symbol ib_query_port
[ 1613.246603] mlx5_ib: Unknown symbol ib_query_port (err -22)
[ 1613.246610] mlx5_ib: disagrees about version of symbol __ib_alloc_cq
[ 1613.246611] mlx5_ib: Unknown symbol __ib_alloc_cq (err -22)
[ 1613.246617] mlx5_ib: disagrees about version of symbol mlx5_query_nic_vport_node_guid
[ 1613.246619] mlx5_ib: Unknown symbol mlx5_query_nic_vport_node_guid (err -22)
[ 1613.246636] mlx5_ib: disagrees about version of symbol mlx5_set_port_caps
[ 1613.246638] mlx5_ib: Unknown symbol mlx5_set_port_caps (err -22)
[ 1613.246644] mlx5_ib: disagrees about version of symbol rdma_user_mmap_entry_get_pgoff
[ 1613.246646] mlx5_ib: Unknown symbol rdma_user_mmap_entry_get_pgoff (err -22)
[ 1613.246651] mlx5_ib: disagrees about version of symbol mlx5_del_flow_rules
[ 1613.246653] mlx5_ib: Unknown symbol mlx5_del_flow_rules (err -22)
[ 1613.246659] mlx5_ib: disagrees about version of symbol ib_umem_odp_unmap_dma_pages
[ 1613.246660] mlx5_ib: Unknown symbol ib_umem_odp_unmap_dma_pages (err -22)
[ 1613.246671] mlx5_ib: disagrees about version of symbol mlx5_core_modify_sq
[ 1613.246672] mlx5_ib: Unknown symbol mlx5_core_modify_sq (err -22)
[ 1613.246685] mlx5_ib: disagrees about version of symbol ib_umem_dmabuf_get
[ 1613.246686] mlx5_ib: Unknown symbol ib_umem_dmabuf_get (err -22)
[ 1613.246692] mlx5_ib: disagrees about version of symbol mlx5_query_hca_vport_system_image_guid
[ 1613.246693] mlx5_ib: Unknown symbol mlx5_query_hca_vport_system_image_guid (err -22)
[ 1613.246699] mlx5_ib: disagrees about version of symbol mlx5_core_query_sq_state
[ 1613.246701] mlx5_ib: Unknown symbol mlx5_core_query_sq_state (err -22)
[ 1613.246711] mlx5_ib: disagrees about version of symbol ib_umem_stop_invalidation_notifier
[ 1613.246712] mlx5_ib: Unknown symbol ib_umem_stop_invalidation_notifier (err -22)
[ 1613.246718] mlx5_ib: disagrees about version of symbol mlx5_core_query_vport_counter
[ 1613.246720] mlx5_ib: Unknown symbol mlx5_core_query_vport_counter (err -22)
[ 1613.246725] mlx5_ib: disagrees about version of symbol ib_uverbs_get_ucontext_file
[ 1613.246727] mlx5_ib: Unknown symbol ib_uverbs_get_ucontext_file (err -22)
[ 1613.246740] mlx5_ib: disagrees about version of symbol __ib_create_cq
[ 1613.246741] mlx5_ib: Unknown symbol __ib_create_cq (err -22)
[ 1613.246750] mlx5_ib: disagrees about version of symbol mlx5_query_port_max_mtu
[ 1613.246751] mlx5_ib: Unknown symbol mlx5_query_port_max_mtu (err -22)
[ 1613.246757] mlx5_ib: disagrees about version of symbol ib_destroy_qp_user
[ 1613.246759] mlx5_ib: Unknown symbol ib_destroy_qp_user (err -22)
[ 1613.246764] mlx5_ib: disagrees about version of symbol mlx5_query_hca_vport_gid
[ 1613.246766] mlx5_ib: Unknown symbol mlx5_query_hca_vport_gid (err -22)
[ 1613.246771] mlx5_ib: disagrees about version of symbol mlx5_frag_buf_free
[ 1613.246773] mlx5_ib: Unknown symbol mlx5_frag_buf_free (err -22)
[ 1613.246778] mlx5_ib: disagrees about version of symbol mlx5_nic_vport_disable_roce
[ 1613.246779] mlx5_ib: Unknown symbol mlx5_nic_vport_disable_roce (err -22)
[ 1613.246785] mlx5_ib: disagrees about version of symbol uverbs_fd_class
[ 1613.246786] mlx5_ib: Unknown symbol uverbs_fd_class (err -22)
[ 1613.246797] mlx5_ib: disagrees about version of symbol mlx5_notifier_unregister
[ 1613.246799] mlx5_ib: Unknown symbol mlx5_notifier_unregister (err -22)
[ 1613.246809] mlx5_ib: disagrees about version of symbol mlx5_create_lag_demux_flow_table
[ 1613.246811] mlx5_ib: Unknown symbol mlx5_create_lag_demux_flow_table (err -22)
[ 1613.246825] mlx5_ib: Unknown symbol mlx5_accel_esp_modify_xfrm (err -2)
[ 1613.246830] mlx5_ib: disagrees about version of symbol mlx5_cmd_exec_cb
[ 1613.246832] mlx5_ib: Unknown symbol mlx5_cmd_exec_cb (err -22)
[ 1613.246843] mlx5_ib: disagrees about version of symbol mlx5_rl_remove_rate
[ 1613.246845] mlx5_ib: Unknown symbol mlx5_rl_remove_rate (err -22)
[ 1613.246865] mlx5_ib: disagrees about version of symbol mlx5_eswitch_register_vport_reps
[ 1613.246867] mlx5_ib: Unknown symbol mlx5_eswitch_register_vport_reps (err -22)
[ 1613.246877] mlx5_ib: disagrees about version of symbol mlx5_core_modify_cq
[ 1613.246878] mlx5_ib: Unknown symbol mlx5_core_modify_cq (err -22)
[ 1613.246884] mlx5_ib: disagrees about version of symbol ib_umem_activate_invalidation_notifier
[ 1613.246886] mlx5_ib: Unknown symbol ib_umem_activate_invalidation_notifier (err -22)
[ 1613.246890] mlx5_ib: disagrees about version of symbol mlx5_eswitch_vport_match_metadata_enabled
[ 1613.246892] mlx5_ib: Unknown symbol mlx5_eswitch_vport_match_metadata_enabled (err -22)
[ 1613.246898] mlx5_ib: disagrees about version of symbol ib_dealloc_device
[ 1613.246899] mlx5_ib: Unknown symbol ib_dealloc_device (err -22)
[ 1613.246904] mlx5_ib: disagrees about version of symbol mlx5_fc_query
[ 1613.246905] mlx5_ib: Unknown symbol mlx5_fc_query (err -22)
[ 1613.246911] mlx5_ib: disagrees about version of symbol ib_destroy_cq_user
[ 1613.246913] mlx5_ib: Unknown symbol ib_destroy_cq_user (err -22)
[ 1613.246919] mlx5_ib: disagrees about version of symbol rdma_user_mmap_io
[ 1613.246920] mlx5_ib: Unknown symbol rdma_user_mmap_io (err -22)
[ 1613.246935] mlx5_ib: disagrees about version of symbol ib_modify_qp
[ 1613.246936] mlx5_ib: Unknown symbol ib_modify_qp (err -22)
[ 1613.246941] mlx5_ib: disagrees about version of symbol mlx5_eswitch_get_core_dev
[ 1613.246943] mlx5_ib: Unknown symbol mlx5_eswitch_get_core_dev (err -22)
[ 1613.246961] mlx5_ib: disagrees about version of symbol rdma_user_mmap_entry_insert_range
[ 1613.246962] mlx5_ib: Unknown symbol rdma_user_mmap_entry_insert_range (err -22)
[ 1613.246985] mlx5_ib: disagrees about version of symbol ib_umem_dmabuf_unmap_pages
[ 1613.246987] mlx5_ib: Unknown symbol ib_umem_dmabuf_unmap_pages (err -22)
[ 1613.246992] mlx5_ib: disagrees about version of symbol ib_umem_get_peer
[ 1613.246993] mlx5_ib: Unknown symbol ib_umem_get_peer (err -22)
[ 1613.247002] mlx5_ib: disagrees about version of symbol mlx5_eswitch_get_proto_dev
[ 1613.247003] mlx5_ib: Unknown symbol mlx5_eswitch_get_proto_dev (err -22)
[ 1613.247015] mlx5_ib: disagrees about version of symbol uverbs_copy_to_struct_or_zero
[ 1613.247017] mlx5_ib: Unknown symbol uverbs_copy_to_struct_or_zero (err -22)
[ 1613.247022] mlx5_ib: disagrees about version of symbol ib_uverbs_flow_resources_free
[ 1613.247023] mlx5_ib: Unknown symbol ib_uverbs_flow_resources_free (err -22)
[ 1613.247033] mlx5_ib: disagrees about version of symbol ib_umem_odp_map_dma_and_lock
[ 1613.247035] mlx5_ib: Unknown symbol ib_umem_odp_map_dma_and_lock (err -22)
[ 1613.247044] mlx5_ib: disagrees about version of symbol ib_free_cq
[ 1613.247045] mlx5_ib: Unknown symbol ib_free_cq (err -22)
[ 1613.247051] mlx5_ib: disagrees about version of symbol mlx5_eq_notifier_unregister
[ 1613.247053] mlx5_ib: Unknown symbol mlx5_eq_notifier_unregister (err -22)
[ 1613.247057] mlx5_ib: disagrees about version of symbol mlx5_query_port_vl_hw_cap
[ 1613.247059] mlx5_ib: Unknown symbol mlx5_query_port_vl_hw_cap (err -22)
[ 1613.247063] mlx5_ib: disagrees about version of symbol mlx5_query_hca_vport_pkey
[ 1613.247065] mlx5_ib: Unknown symbol mlx5_query_hca_vport_pkey (err -22)
[ 1613.247079] mlx5_ib: disagrees about version of symbol mlx5_frag_buf_alloc_node
[ 1613.247080] mlx5_ib: Unknown symbol mlx5_frag_buf_alloc_node (err -22)
[ 1613.247096] mlx5_ib: disagrees about version of symbol _uverbs_alloc
[ 1613.247098] mlx5_ib: Unknown symbol _uverbs_alloc (err -22)
[ 1613.247102] mlx5_ib: disagrees about version of symbol mlx5_fc_destroy
[ 1613.247103] mlx5_ib: Unknown symbol mlx5_fc_destroy (err -22)
[ 1613.247111] mlx5_ib: disagrees about version of symbol mlx5_lag_is_master
[ 1613.247113] mlx5_ib: Unknown symbol mlx5_lag_is_master (err -22)
[ 1613.247120] mlx5_ib: disagrees about version of symbol mlx5_nic_vport_unaffiliate_multiport
[ 1613.247121] mlx5_ib: Unknown symbol mlx5_nic_vport_unaffiliate_multiport (err -22)
[ 1613.247132] mlx5_ib: disagrees about version of symbol mlx5_query_hca_vport_context
[ 1613.247133] mlx5_ib: Unknown symbol mlx5_query_hca_vport_context (err -22)
[ 1613.247139] mlx5_ib: disagrees about version of symbol ib_query_pkey
[ 1613.247140] mlx5_ib: Unknown symbol ib_query_pkey (err -22)
[ 1613.247147] mlx5_ib: disagrees about version of symbol uverbs_uobject_put
[ 1613.247148] mlx5_ib: Unknown symbol uverbs_uobject_put (err -22)
[ 1613.247152] mlx5_ib: disagrees about version of symbol mlx5_core_roce_gid_set
[ 1613.247153] mlx5_ib: Unknown symbol mlx5_core_roce_gid_set (err -22)
[ 1613.247163] mlx5_ib: disagrees about version of symbol mlx5_query_port_oper_mtu
[ 1613.247164] mlx5_ib: Unknown symbol mlx5_query_port_oper_mtu (err -22)
[ 1613.247168] mlx5_ib: disagrees about version of symbol mlx5_nic_vport_enable_roce
[ 1613.247170] mlx5_ib: Unknown symbol mlx5_nic_vport_enable_roce (err -22)
[ 1613.247174] mlx5_ib: disagrees about version of symbol ib_port_immutable_read
[ 1613.247176] mlx5_ib: Unknown symbol ib_port_immutable_read (err -22)
[ 1613.247181] mlx5_ib: disagrees about version of symbol ib_create_qp_kernel
[ 1613.247182] mlx5_ib: Unknown symbol ib_create_qp_kernel (err -22)
[ 1613.247189] mlx5_ib: disagrees about version of symbol uverbs_copy_to
[ 1613.247190] mlx5_ib: Unknown symbol uverbs_copy_to (err -22)
[ 1613.247200] mlx5_ib: disagrees about version of symbol flow_resources_add
[ 1613.247202] mlx5_ib: Unknown symbol flow_resources_add (err -22)
[ 1613.247205] mlx5_ib: disagrees about version of symbol mlx5_core_modify_rq
[ 1613.247207] mlx5_ib: Unknown symbol mlx5_core_modify_rq (err -22)
[ 1613.247211] mlx5_ib: disagrees about version of symbol mlx5_core_query_mkey
[ 1613.247212] mlx5_ib: Unknown symbol mlx5_core_query_mkey (err -22)
[ 1613.247224] mlx5_ib: disagrees about version of symbol uverbs_destroy_def_handler
[ 1613.247226] mlx5_ib: Unknown symbol uverbs_destroy_def_handler (err -22)
[ 1613.247229] mlx5_ib: disagrees about version of symbol mlx5_qp_debugfs_init
[ 1613.247231] mlx5_ib: Unknown symbol mlx5_qp_debugfs_init (err -22)
[ 1613.247235] mlx5_ib: disagrees about version of symbol ib_dealloc_pd_user
[ 1613.247237] mlx5_ib: Unknown symbol ib_dealloc_pd_user (err -22)
[ 1613.247240] mlx5_ib: disagrees about version of symbol mlx5_core_modify_tis
[ 1613.247242] mlx5_ib: Unknown symbol mlx5_core_modify_tis (err -22)
[ 1613.247246] mlx5_ib: disagrees about version of symbol rdma_port_get_link_layer
[ 1613.247248] mlx5_ib: Unknown symbol rdma_port_get_link_layer (err -22)
[ 1613.247252] mlx5_ib: disagrees about version of symbol uverbs_get_flags64
[ 1613.247254] mlx5_ib: Unknown symbol uverbs_get_flags64 (err -22)
[ 1613.247265] mlx5_ib: disagrees about version of symbol mlx5_eswitch_get_total_vports
[ 1613.247266] mlx5_ib: Unknown symbol mlx5_eswitch_get_total_vports (err -22)
[ 1613.247270] mlx5_ib: disagrees about version of symbol mlx5_core_destroy_cq
[ 1613.247271] mlx5_ib: Unknown symbol mlx5_core_destroy_cq (err -22)
[ 1613.247275] mlx5_ib: disagrees about version of symbol mlx5_core_reserved_gids_count
[ 1613.247277] mlx5_ib: Unknown symbol mlx5_core_reserved_gids_count (err -22)
[ 1613.247291] mlx5_ib: Unknown symbol mlx5_lag_get_peer_mdev (err -2)
[ 1613.247297] mlx5_ib: disagrees about version of symbol mlx5_debugfs_root
[ 1613.247299] mlx5_ib: Unknown symbol mlx5_debugfs_root (err -22)
[ 1613.247304] mlx5_ib: disagrees about version of symbol mlx5_core_modify_cq_moderation
[ 1613.247305] mlx5_ib: Unknown symbol mlx5_core_modify_cq_moderation (err -22)
[ 1613.247309] mlx5_ib: disagrees about version of symbol ib_umem_copy_from
[ 1613.247311] mlx5_ib: Unknown symbol ib_umem_copy_from (err -22)
[ 1613.247326] mlx5_ib: Unknown symbol mlx5_accel_esp_destroy_xfrm (err -2)
[ 1613.247329] mlx5_ib: disagrees about version of symbol mlx5_qp_debugfs_cleanup
[ 1613.247331] mlx5_ib: Unknown symbol mlx5_qp_debugfs_cleanup (err -22)
[ 1613.247334] mlx5_ib: disagrees about version of symbol mlx5_eq_disable
[ 1613.247335] mlx5_ib: Unknown symbol mlx5_eq_disable (err -22)
[ 1613.247339] mlx5_ib: disagrees about version of symbol mlx5_cmd_cleanup_async_ctx
[ 1613.247340] mlx5_ib: Unknown symbol mlx5_cmd_cleanup_async_ctx (err -22)
[ 1613.247356] mlx5_ib: Unknown symbol mlx5_cmd_free_uar (err -2)
[ 1613.247370] mlx5_ib: Unknown symbol mlx5_cmd_alloc_uar (err -2)
[ 1613.247374] mlx5_ib: disagrees about version of symbol mlx5_rl_remove_rate_raw
[ 1613.247376] mlx5_ib: Unknown symbol mlx5_rl_remove_rate_raw (err -22)
[ 1613.247380] mlx5_ib: disagrees about version of symbol rdma_roce_rescan_device
[ 1613.247382] mlx5_ib: Unknown symbol rdma_roce_rescan_device (err -22)
[ 1613.247396] mlx5_ib: Unknown symbol mlx5_core_query_ib_ppcnt (err -2)
[ 1613.247399] mlx5_ib: disagrees about version of symbol mlx5_alloc_bfreg
[ 1613.247400] mlx5_ib: Unknown symbol mlx5_alloc_bfreg (err -22)
[ 1613.247403] mlx5_ib: disagrees about version of symbol mlx5_eq_destroy_generic
[ 1613.247405] mlx5_ib: Unknown symbol mlx5_eq_destroy_generic (err -22)
[ 1613.247418] mlx5_ib: Unknown symbol mlx5_vector2eqn (err -2)
[ 1613.247426] mlx5_ib: disagrees about version of symbol mlx5_lag_is_active
[ 1613.247427] mlx5_ib: Unknown symbol mlx5_lag_is_active (err -22)
[ 1613.247430] mlx5_ib: disagrees about version of symbol mlx5_free_bfreg
[ 1613.247432] mlx5_ib: Unknown symbol mlx5_free_bfreg (err -22)
[ 1613.247436] mlx5_ib: disagrees about version of symbol mlx5_cmd_destroy_vport_lag
[ 1613.247437] mlx5_ib: Unknown symbol mlx5_cmd_destroy_vport_lag (err -22)
[ 1613.247442] mlx5_ib: disagrees about version of symbol ib_set_device_ops
[ 1613.247443] mlx5_ib: Unknown symbol ib_set_device_ops (err -22)
[ 1613.247447] mlx5_ib: disagrees about version of symbol rdma_user_mmap_entry_put
[ 1613.247449] mlx5_ib: Unknown symbol rdma_user_mmap_entry_put (err -22)
[ 1613.247453] mlx5_ib: disagrees about version of symbol mlx5_core_access_reg
[ 1613.247454] mlx5_ib: Unknown symbol mlx5_core_access_reg (err -22)
[ 1614.024705] mlx5_core d09b:00:02.0 enP53403s1: Link up
[ 1614.056057] hv_netvsc 002248ac-6c4a-0022-48ac-6c4a002248ac eth0: Data path switched to VF: enP53403s1

############# Running Processes ##############
UID          PID    PPID  C STIME TTY          TIME CMD
root           1       0  0 18:38 ?        00:00:00 /bin/bash /root/entrypoint.sh sources
root         424       1  0 18:38 ?        00:00:00 /bin/bash /root/entrypoint.sh sources
root         425     424  0 18:38 ?        00:00:00 /bin/bash /etc/init.d/openibd restart
root         692     425  0 18:38 ?        00:00:00 /bin/bash /etc/init.d/openibd restart
root         694     692  0 18:38 ?        00:00:00 sleep 20
root        1193     425  0 18:38 ?        00:00:00 /bin/ps -ef
##############################################
